seed,staleness_seconds,packet_drop_rate,lstm_ae_residual_f1,lstm_mape,xgboost_mape,estimated_mean_aoi
42,1.0,0.0,0.9779559118236472,8.95040488214452,9.063484965162122,0.5
42,2.0,0.0,0.8427187553313717,9.578472522595519,9.68602467535048,1.0
42,3.0,0.0,0.5448702342731441,11.151132594624432,11.247594969859176,1.5
42,4.0,0.0,0.24620477127686247,13.201070824245141,13.289122594603649,2.0
42,5.0,0.0,0.1085167889704247,15.260972937471529,15.351534295499333,2.5
123,1.0,0.0,0.0887272727272727,9.118982639637077,9.007307051437577,0.5
123,2.0,0.0,0.0887272727272727,9.874077382352917,9.617395375434182,1.0
123,3.0,0.0,0.0887272727272727,11.751549714851059,11.152876244639684,1.5
123,4.0,0.0,0.0887272727272727,14.169681793657428,13.171573504877612,2.0
123,5.0,0.0,0.0887272727272727,16.546755775297946,15.231311001971504,2.5
456,1.0,0.0,0.0887272727272727,8.868861318649634,9.136281172616451,0.5
456,2.0,0.0,0.0887272727272727,9.484855598415345,9.727572000932506,1.0
456,3.0,0.0,0.0887272727272727,11.038658897547954,11.21804160137324,1.5
456,4.0,0.0,0.0887272727272727,13.089001905800668,13.182585647177506,2.0
456,5.0,0.0,0.0887272727272727,15.1946153129267,15.196099811584157,2.5
789,1.0,0.0,0.0887272727272727,8.950627129882083,9.085560043649886,0.5
789,2.0,0.0,0.0887272727272727,9.562978555194547,9.665314403124343,1.0
789,3.0,0.0,0.0887272727272727,11.105289130682694,11.128923866080534,1.5
789,4.0,0.0,0.0887272727272727,13.13544330567264,13.062908009317683,2.0
789,5.0,0.0,0.0887272727272727,15.211325529490512,15.053786409635013,2.5
101112,1.0,0.0,0.0887272727272727,8.962657158047907,9.005682087543944,0.5
101112,2.0,0.0,0.0887272727272727,9.615124797716927,9.56051688500934,1.0
101112,3.0,0.0,0.0887272727272727,11.254515638499369,10.963516789967436,1.5
101112,4.0,0.0,0.0887272727272727,13.403811563058305,12.822425071261096,2.0
101112,5.0,0.0,0.0887272727272727,15.58599445405681,14.74498499773318,2.5
