id,objection,evidence,limitation,response,manuscript_loc,supp_loc
1,Novelty is insufficient; DT staleness is known communication delay.,Empirically demonstrated non-linear representation inversion (Delta-F1 flips from +0.439 to -0.352) across radial feeders.,LIMITATION_ACCEPTED: Theory is grounded in Age of Information; contribution is distribution power grid state divergence.,Prior communication theory tracks AoI abstractly; this is the first controlled study proving physics residuals invert relative to raw data.,"Sec. I, Sec. IV-D","Table S2, Table S3"
2,Digital twin staleness is equivalent to ordinary communication packet delay.,"Analysis shows AoI dynamics couple packet drops with polling intervals, creating asymmetric saw-tooth state trajectories.",LIMITATION_ACCEPTED: Packet loss is modeled via independent Bernoulli drop process.,"Staleness in a DT propagates through physical power flow equations, causing voltage state bias rather than mere delay.","Sec. III-B, Sec. III-C",Supplementary Note 1
3,OpenDSS QSTS is too simplified; ignores electromagnetic transients (EMT).,SCADA and AMI synchronization intervals (1s to 300s) operate squarely in the quasi-static power flow regime.,LIMITATION_ACCEPTED: Sub-cycle electromagnetic switching transients (<16 ms) are out of scope for operational dispatch DTs.,Distribution automation algorithms operate on 1-second to 15-minute intervals where QSTS is the gold standard industry benchmark.,"Sec. III-A, Sec. V-C",Supplementary Section 1.2
4,Only radial feeders were evaluated; meshed networks are ignored.,Radial topologies represent over 90% of global medium-voltage distribution infrastructure.,LIMITATION_ACCEPTED: Findings strictly apply to radial distribution feeders; meshed sub-transmission grids require future study.,"Distribution systems are predominantly radial; evaluating IEEE 13, 33, and 123 bus feeders covers diverse radial topological depths.",Sec. V-C,Table S2
5,Three feeders are insufficient for universal generalization.,"Evaluated compact (13-bus), standard (33-bus), and deep lateral (123-bus) networks.","LIMITATION_ACCEPTED: Results demonstrate impedance-dependent scaling, NOT universal fixed scalar invariance.","We explicitly reject a universal threshold and establish a bounded operational envelope [2.4s, 4.1s] proportional to impedance depth.","Sec. IV-D, Sec. V-C","Table S2, Table S3"
6,Residual inversion is caused by detector selection (e.g. LSTM-AE bias).,Replicated across One-Class SVM and Isolation Forest; inversion persists across all detector classes.,LIMITATION_ACCEPTED: Absolute F1 depends on model capacity; relative inversion direction is model-agnostic.,Ablation A6 and E16 baseline tests prove residual inversion occurs regardless of whether deep learning or tree models are used.,"Sec. IV-A, Sec. IV-D",Table S4
7,H3 rejection is caused by metric mismatch (bounded F1 vs unbounded MAPE).,"Falsification confirmed across 8 distinct bounded/scale-invariant formulations (sMAPE, MASE, Cosine Distance, relative MSE).","LIMITATION_ACCEPTED: Log-linear regression slope depends on mathematical formulation, but Delta-beta < 0 is invariant.","All 8 formulations independently confirm Delta-beta < 0 (p <= 0.015), ruling out metric bounding artifacts.","Sec. IV-C, Sec. V-A",Table S6
8,Ten seeds are insufficient for deep statistical validity.,10 independent random seeds yield 100% negative sign consistency; bootstrap standard error of Delta-beta is <= 0.059.,LIMITATION_ACCEPTED: Computational constraints limit neural network retraining to 10 seeds.,"With 10 concordant seeds, the binomial probability of observing 10/10 negative slopes by chance under H0 is p = (0.5)^10 = 0.00098.",Sec. IV-C,Table S1
9,"Reporting 630,720 temporal observations is misleading pseudoreplication.","All formal p-values and confidence intervals are computed over independent seed clusters (df=9), not timesteps.",LIMITATION_ACCEPTED: Timesteps are correlated time series; degrees of freedom are strictly defined by independent seeds.,Manuscript explicitly distinguishes between total temporal evaluation volume and the N=10 independent statistical degrees of freedom.,"Sec. III-C, Sec. IV-C",Statistical Protocol Sec. 2
10,Adaptive threshold introduces test-set tuning.,Sensitivity parameter gamma and baseline tau_0 calibrated strictly on validation partition; test set evaluated blindly.,LIMITATION_ACCEPTED: Requires validation tuning of parameter gamma.,Strict chronological 70/15/15 partitioning guarantees zero test-set feedback into threshold parameters.,Sec. III-E,Table S4
11,Pecan Street data lacks geographic and industrial generality.,Real high-resolution residential smart meter telemetry captures true uncoordinated solar and EV charging volatility.,"LIMITATION_ACCEPTED: Dataset reflects Austin, Texas residential demographics; industrial loads were not included.",Pecan Street is among the highest quality open smart meter datasets; findings provide a rigorous benchmark for residential feeders.,"Sec. III-A, Sec. V-C",Supplementary Section 1.1
12,Packet-loss simulation with independent Bernoulli drops is unrealistic.,Evaluated drop probabilities from 0.0 to 0.20; shows synchronization interval is the dominant driver (>85% variance).,LIMITATION_ACCEPTED: Bursty Gilbert-Elliott wireless fading channels were not explicitly modeled.,"Even under high drop rates, the fundamental cliff and inversion dynamics remain governed by mean AoI.","Sec. III-B, Sec. IV-B",Table S1
13,Telemetry noise model (Gaussian) is too simplistic.,Tested noise standard deviations sigma from 0.01 to 0.05 p.u.; adaptive threshold maintains FPR <= 5.1%.,LIMITATION_ACCEPTED: Non-Gaussian impulsive noise or malicious cyber tampering is left for future work.,Standard CT/PT instrument transformers conform to Gaussian error classes; our noise sweep demonstrates robustness within ANSI limits.,Sec. IV-D,Table S4
14,Latency microbenchmark is machine-dependent.,Benchmark recorded on standard commodity AMD64 CPU; residual arithmetic takes 0.41 us and threshold takes 1.28 us.,LIMITATION_ACCEPTED: Embedded ARM microcontroller execution may scale latency by 5-10x.,"Even with a 10x slowdown on resource-constrained microcontrollers, total processing is <0.02 ms, easily fitting 1000 Hz cycles.",Sec. IV-E,Table S5
15,No physical field deployment exists; study is pure co-simulation.,Co-simulation models validated OpenDSS physics coupled with empirical residential smart meter data.,LIMITATION_ACCEPTED: Hardware-in-the-loop (HIL) and field utility pilots are deferred to future operational deployment.,Controlled simulated staleness is scientifically necessary to isolate causal synchronization effects without unobservable field confounders.,Sec. V-C,Supplementary Discussion
16,The 2.4-4.1 second transition is empirical rather than universal.,"Monotonic impedance depth scaling explains transition window shift across 13, 33, and 123 bus feeders.",LIMITATION_ACCEPTED: We explicitly reject any claim of a universal constant cliff and bound it as a topology-dependent envelope.,The manuscript explicitly frames the transition as impedance-dependent and provides the physical rationale.,"Abstract, Sec. IV-D, Sec. V-C",Table S2
17,Residual advantage may depend on exact OpenDSS line parameter accuracy.,Physics residual superiority confirmed across multiple feeder models with diverse R/X ratios.,LIMITATION_ACCEPTED: Severe feeder model parameter errors (>20%) could degrade residual fidelity.,Modern utility GIS and AMI state estimators achieve <3% parameter error; residual advantage is robust within standard modeling tolerances.,"Sec. III-A, Sec. IV-A",Ablation A1
18,Synthetic anomaly injection labels may be imperfect.,"Anomalies injected using standard power system fault, sensor drift, and abrupt injection profiles at controlled SNR.",LIMITATION_ACCEPTED: Rare emergent physical faults with complex dynamic signatures were not simulated.,Standardized synthetic injections provide ground-truth labels essential for rigorous F1 score calculation.,Sec. III-D,Methodology Protocol
19,Forecasting and anomaly detection tasks are not directly comparable.,Comparison framed through normalized log-linear degradation rates relative to respective ideal baselines.,LIMITATION_ACCEPTED: Tasks possess differing operational objectives; comparison evaluates staleness resilience.,Normalization evaluates how rapidly each task departs from its own peak capability under equivalent data degradation.,"Sec. III-D, Sec. V-A",Table S6
20,Reproducibility may depend on undocumented Python environment details.,Complete environment lockfile with exact package hashes and deterministic seed controls provided.,LIMITATION_ACCEPTED: OpenDSS C-backend requires compatible 64-bit platform binary.,"Environment lockfile, automated reproduction script, and multi-seed replication guarantee deterministic reproducibility.",Sec. VI,reproducibility/environment_lock.txt
