seed,model,staleness_seconds,gru_mape,lstm_mape
42,gru,0,8.942766917798728,8.95040488214452
42,gru,1,8.864921252061453,8.95040488214452
42,gru,5,15.175019479039623,15.260972937471529
42,gru,15,41.687792212195994,41.78158731932534
42,gru,60,61.38649568803277,61.327191212551945
42,gru,300,62.19193972646039,62.29242940740781
123,gru,0,9.207923395316435,9.118982639637077
123,gru,1,9.030802111423496,9.118982639637077
123,gru,5,16.686746888153067,16.546755775297946
123,gru,15,44.359846079633144,44.255043401237536
123,gru,60,66.14647855496709,66.01947254610914
123,gru,300,66.95775495796511,66.9766132731808
456,gru,0,8.823488091456765,8.868861318649634
456,gru,1,8.803433426646533,8.868861318649634
456,gru,5,15.179513524827689,15.1946153129267
456,gru,15,45.39980783892234,45.34391205222991
456,gru,60,68.40895113364438,68.28548131871182
456,gru,300,69.49737850185343,69.31933029826706
789,gru,0,8.927627576348598,8.950627129882083
789,gru,1,8.992562762613275,8.950627129882083
789,gru,5,15.342729564320216,15.211325529490512
789,gru,15,44.238232548325605,44.29265147842308
789,gru,60,56.52089044575602,56.348013770897545
789,gru,300,55.21428951839368,55.15705794786649
101112,gru,0,9.111834624529756,8.962657158047907
101112,gru,1,8.948099628133017,8.962657158047907
101112,gru,5,15.553259711321909,15.58599445405681
101112,gru,15,45.23209388972699,45.10452759742256
101112,gru,60,58.425493997779576,58.27592001913866
101112,gru,300,57.16749543465757,57.070978241991085
