factor,task,model,representation,metric,staleness_seconds,packet_drop_rate,mean_value,std_value,cohens_d_vs_p0
packet_drop,anomaly_detection,lstm_autoencoder,residual,f1,0,0.0,0.26657300054654764,0.39767513691182405,"{'d': 0.0, 'magnitude': 0.0, 'interpretation': 'negligible', 'paired': True, 'n1': 5, 'n2': 5}"
packet_drop,anomaly_detection,lstm_autoencoder,residual,f1,0,0.05,0.19940287081339708,0.2474781607710198,"{'d': -0.447213595499958, 'magnitude': 0.447213595499958, 'interpretation': 'small', 'paired': True, 'n1': 5, 'n2': 5}"
packet_drop,anomaly_detection,lstm_autoencoder,residual,f1,0,0.1,0.16799971082595333,0.17725856033079412,"{'d': -0.4472135954999579, 'magnitude': 0.4472135954999579, 'interpretation': 'small', 'paired': True, 'n1': 5, 'n2': 5}"
packet_drop,anomaly_detection,lstm_autoencoder,residual,f1,0,0.2,0.13566041327790826,0.10494569266877307,"{'d': -0.447213595499958, 'magnitude': 0.447213595499958, 'interpretation': 'small', 'paired': True, 'n1': 5, 'n2': 5}"
packet_drop,anomaly_detection,lstm_autoencoder,residual,f1,1,0.0,0.26657300054654764,0.39767513691182405,"{'d': 0.0, 'magnitude': 0.0, 'interpretation': 'negligible', 'paired': True, 'n1': 5, 'n2': 5}"
packet_drop,anomaly_detection,lstm_autoencoder,residual,f1,1,0.05,0.19940287081339708,0.2474781607710198,"{'d': -0.447213595499958, 'magnitude': 0.447213595499958, 'interpretation': 'small', 'paired': True, 'n1': 5, 'n2': 5}"
packet_drop,anomaly_detection,lstm_autoencoder,residual,f1,1,0.1,0.16799971082595333,0.17725856033079412,"{'d': -0.4472135954999579, 'magnitude': 0.4472135954999579, 'interpretation': 'small', 'paired': True, 'n1': 5, 'n2': 5}"
packet_drop,anomaly_detection,lstm_autoencoder,residual,f1,1,0.2,0.13566041327790826,0.10494569266877307,"{'d': -0.447213595499958, 'magnitude': 0.447213595499958, 'interpretation': 'small', 'paired': True, 'n1': 5, 'n2': 5}"
packet_drop,anomaly_detection,lstm_autoencoder,residual,f1,5,0.0,0.0926851759759031,0.008850140712304827,"{'d': 0.0, 'magnitude': 0.0, 'interpretation': 'negligible', 'paired': True, 'n1': 5, 'n2': 5}"
packet_drop,anomaly_detection,lstm_autoencoder,residual,f1,5,0.05,0.09258907963853721,0.008635262769565966,"{'d': -0.447213595499958, 'magnitude': 0.447213595499958, 'interpretation': 'small', 'paired': True, 'n1': 5, 'n2': 5}"
packet_drop,anomaly_detection,lstm_autoencoder,residual,f1,5,0.1,0.0925699623976996,0.008592515319510817,"{'d': -0.447213595499958, 'magnitude': 0.447213595499958, 'interpretation': 'small', 'paired': True, 'n1': 5, 'n2': 5}"
packet_drop,anomaly_detection,lstm_autoencoder,residual,f1,5,0.2,0.09246069142125478,0.008348177988212415,"{'d': -0.4472135954999579, 'magnitude': 0.4472135954999579, 'interpretation': 'small', 'paired': True, 'n1': 5, 'n2': 5}"
packet_drop,anomaly_detection,lstm_autoencoder,residual,f1,15,0.0,0.08985996131528044,0.002532768680123562,"{'d': 0.0, 'magnitude': 0.0, 'interpretation': 'negligible', 'paired': True, 'n1': 5, 'n2': 5}"
packet_drop,anomaly_detection,lstm_autoencoder,residual,f1,15,0.05,0.08986726709822682,0.002549104907420524,"{'d': 0.447213595499958, 'magnitude': 0.447213595499958, 'interpretation': 'small', 'paired': True, 'n1': 5, 'n2': 5}"
packet_drop,anomaly_detection,lstm_autoencoder,residual,f1,15,0.1,0.08985631054306356,0.002524605305276253,"{'d': -0.44721359549995787, 'magnitude': 0.44721359549995787, 'interpretation': 'small', 'paired': True, 'n1': 5, 'n2': 5}"
packet_drop,anomaly_detection,lstm_autoencoder,residual,f1,15,0.2,0.08983807784178724,0.0024838357458089504,"{'d': -0.4472135954999579, 'magnitude': 0.4472135954999579, 'interpretation': 'small', 'paired': True, 'n1': 5, 'n2': 5}"
packet_drop,anomaly_detection,lstm_autoencoder,residual,f1,60,0.0,0.08899917096010872,0.000607982931583408,"{'d': 0.0, 'magnitude': 0.0, 'interpretation': 'negligible', 'paired': True, 'n1': 5, 'n2': 5}"
packet_drop,anomaly_detection,lstm_autoencoder,residual,f1,60,0.05,0.08899252126356756,0.0005931137580876267,"{'d': -0.4472135954999579, 'magnitude': 0.4472135954999579, 'interpretation': 'small', 'paired': True, 'n1': 5, 'n2': 5}"
packet_drop,anomaly_detection,lstm_autoencoder,residual,f1,60,0.1,0.08899584549817105,0.0006005469726341652,"{'d': -0.447213595499958, 'magnitude': 0.447213595499958, 'interpretation': 'small', 'paired': True, 'n1': 5, 'n2': 5}"
packet_drop,anomaly_detection,lstm_autoencoder,residual,f1,60,0.2,0.08897923658491606,0.0005634083135636359,"{'d': -0.4472135954999579, 'magnitude': 0.4472135954999579, 'interpretation': 'small', 'paired': True, 'n1': 5, 'n2': 5}"
packet_drop,anomaly_detection,lstm_autoencoder,residual,f1,300,0.0,0.08878229237477821,0.00012302767192037432,"{'d': 0.0, 'magnitude': 0.0, 'interpretation': 'negligible', 'paired': True, 'n1': 5, 'n2': 5}"
packet_drop,anomaly_detection,lstm_autoencoder,residual,f1,300,0.05,0.08877580177343164,0.00010851424609461601,"{'d': -0.4472135954999579, 'magnitude': 0.4472135954999579, 'interpretation': 'small', 'paired': True, 'n1': 5, 'n2': 5}"
packet_drop,anomaly_detection,lstm_autoencoder,residual,f1,300,0.1,0.08878229237477821,0.00012302767192037432,"{'d': 0.0, 'magnitude': 0.0, 'interpretation': 'negligible', 'paired': True, 'n1': 5, 'n2': 5}"
packet_drop,anomaly_detection,lstm_autoencoder,residual,f1,300,0.2,0.08877904648232873,0.0001157696357556839,"{'d': -0.44721359549995787, 'magnitude': 0.44721359549995787, 'interpretation': 'small', 'paired': True, 'n1': 5, 'n2': 5}"
packet_drop,load_estimation,lstm,raw,mape,0,0.0,8.970306625672242,0.0911558881125032,"{'d': 0.0, 'magnitude': 0.0, 'interpretation': 'negligible', 'paired': True, 'n1': 5, 'n2': 5}"
packet_drop,load_estimation,lstm,raw,mape,0,0.05,9.001818912346518,0.1209595279454286,"{'d': 0.9565870688707324, 'magnitude': 0.9565870688707324, 'interpretation': 'large', 'paired': True, 'n1': 5, 'n2': 5}"
packet_drop,load_estimation,lstm,raw,mape,0,0.1,9.040592606236435,0.14819591841187812,"{'d': 1.1071387567025115, 'magnitude': 1.1071387567025115, 'interpretation': 'large', 'paired': True, 'n1': 5, 'n2': 5}"
packet_drop,load_estimation,lstm,raw,mape,0,0.2,9.217290977360546,0.2289424084064003,"{'d': 1.6918009734252601, 'magnitude': 1.6918009734252601, 'interpretation': 'large', 'paired': True, 'n1': 5, 'n2': 5}"
packet_drop,load_estimation,lstm,raw,mape,1,0.0,8.970306625672242,0.0911558881125032,"{'d': 0.0, 'magnitude': 0.0, 'interpretation': 'negligible', 'paired': True, 'n1': 5, 'n2': 5}"
packet_drop,load_estimation,lstm,raw,mape,1,0.05,9.001818912346518,0.1209595279454286,"{'d': 0.9565870688707324, 'magnitude': 0.9565870688707324, 'interpretation': 'large', 'paired': True, 'n1': 5, 'n2': 5}"
packet_drop,load_estimation,lstm,raw,mape,1,0.1,9.040592606236435,0.14819591841187812,"{'d': 1.1071387567025115, 'magnitude': 1.1071387567025115, 'interpretation': 'large', 'paired': True, 'n1': 5, 'n2': 5}"
packet_drop,load_estimation,lstm,raw,mape,1,0.2,9.217290977360546,0.2289424084064003,"{'d': 1.6918009734252601, 'magnitude': 1.6918009734252601, 'interpretation': 'large', 'paired': True, 'n1': 5, 'n2': 5}"
packet_drop,load_estimation,lstm,raw,mape,5,0.0,15.559932801848698,0.5742080827550095,"{'d': 0.0, 'magnitude': 0.0, 'interpretation': 'negligible', 'paired': True, 'n1': 5, 'n2': 5}"
packet_drop,load_estimation,lstm,raw,mape,5,0.05,15.759501334911965,0.7026138517419832,"{'d': 0.6204339101096155, 'magnitude': 0.6204339101096155, 'interpretation': 'medium', 'paired': True, 'n1': 5, 'n2': 5}"
packet_drop,load_estimation,lstm,raw,mape,5,0.1,15.923682608600695,0.4965077558621409,"{'d': 1.491426555471296, 'magnitude': 1.491426555471296, 'interpretation': 'large', 'paired': True, 'n1': 5, 'n2': 5}"
packet_drop,load_estimation,lstm,raw,mape,5,0.2,16.35717337331925,0.6281783000720915,"{'d': 5.96244684243537, 'magnitude': 5.96244684243537, 'interpretation': 'large', 'paired': True, 'n1': 5, 'n2': 5}"
packet_drop,load_estimation,lstm,raw,mape,15,0.0,44.155544369727686,1.4121931001940835,"{'d': 0.0, 'magnitude': 0.0, 'interpretation': 'negligible', 'paired': True, 'n1': 5, 'n2': 5}"
packet_drop,load_estimation,lstm,raw,mape,15,0.05,44.578093570774556,0.7820215447507923,"{'d': 0.6371558257101836, 'magnitude': 0.6371558257101836, 'interpretation': 'medium', 'paired': True, 'n1': 5, 'n2': 5}"
packet_drop,load_estimation,lstm,raw,mape,15,0.1,44.937903125058625,1.3248509653608862,"{'d': 1.903052011681231, 'magnitude': 1.903052011681231, 'interpretation': 'large', 'paired': True, 'n1': 5, 'n2': 5}"
packet_drop,load_estimation,lstm,raw,mape,15,0.2,45.60599186858131,1.483513604705359,"{'d': 1.4463313263982802, 'magnitude': 1.4463313263982802, 'interpretation': 'large', 'paired': True, 'n1': 5, 'n2': 5}"
packet_drop,load_estimation,lstm,raw,mape,60,0.0,62.05121577348183,5.047690347619814,"{'d': 0.0, 'magnitude': 0.0, 'interpretation': 'negligible', 'paired': True, 'n1': 5, 'n2': 5}"
packet_drop,load_estimation,lstm,raw,mape,60,0.05,60.67131779242241,5.74495057754002,"{'d': -1.0994984975629791, 'magnitude': 1.0994984975629791, 'interpretation': 'large', 'paired': True, 'n1': 5, 'n2': 5}"
packet_drop,load_estimation,lstm,raw,mape,60,0.1,59.54622304676451,5.39447377632342,"{'d': -2.362402719636402, 'magnitude': 2.362402719636402, 'interpretation': 'large', 'paired': True, 'n1': 5, 'n2': 5}"
packet_drop,load_estimation,lstm,raw,mape,60,0.2,60.472708409477924,5.346255930695119,"{'d': -3.956610696101808, 'magnitude': 3.956610696101808, 'interpretation': 'large', 'paired': True, 'n1': 5, 'n2': 5}"
packet_drop,load_estimation,lstm,raw,mape,300,0.0,62.163281833742644,6.111722287495503,"{'d': 0.0, 'magnitude': 0.0, 'interpretation': 'negligible', 'paired': True, 'n1': 5, 'n2': 5}"
packet_drop,load_estimation,lstm,raw,mape,300,0.05,62.317606046587386,6.7894120602985035,"{'d': 0.08007534486555909, 'magnitude': 0.08007534486555909, 'interpretation': 'negligible', 'paired': True, 'n1': 5, 'n2': 5}"
packet_drop,load_estimation,lstm,raw,mape,300,0.1,63.12836272700455,6.860262184034209,"{'d': 0.4640203039605226, 'magnitude': 0.4640203039605226, 'interpretation': 'small', 'paired': True, 'n1': 5, 'n2': 5}"
packet_drop,load_estimation,lstm,raw,mape,300,0.2,60.720066551314666,5.808496012898151,"{'d': -1.6656631826150414, 'magnitude': 1.6656631826150414, 'interpretation': 'large', 'paired': True, 'n1': 5, 'n2': 5}"
