claim_id,metric,value,source_artifact,tolerance,status
C01,Res LSTM-AE Test F1 (dt=0s),0.977956,E4/metrics.json,1e-4,PASS
C02,Raw LSTM-AE Test F1 (dt=0s),0.538606,E4/metrics.json,1e-4,PASS
C03,Raw IF Test F1 (dt=0s),0.117647,E4/metrics.json,1e-4,PASS
C04,Res IF Test F1 (dt=0s),0.088727,E4/metrics.json,1e-4,PASS
C05,H3 Multi-seed Slope Diff Delta-beta,-1.223646,E10/multiseed_h3_summary.csv,1e-4,PASS
C06,H3 95% Bootstrap CI Lower,-1.346260,E10/multiseed_h3_summary.csv,1e-4,PASS
C07,H3 95% Bootstrap CI Upper,-1.113412,E10/multiseed_h3_summary.csv,1e-4,PASS
C08,H3 Slope Test p-value,1.0000,E10/multiseed_h3_summary.csv,1e-4,PASS
C09,H3 Formal Decision,NOT_SUPPORTED,E10/multiseed_h3_summary.csv,Exact,PASS
C10,E5 Factorial Conditions Count,24,E5/comparison.csv,Exact,PASS
C11,E10 Evaluated Seed-Conditions,120,E10/seed_results.csv,Exact,PASS
C12,E11 Controlled Ablations Rows,88,E11/table_02_ablation_results.csv,Exact,PASS
C13,Micro Residual Divergence AoI,0.0 s,E11/table_04_change_point_analysis.csv,1e-4,PASS
C14,Macro Operational Cliff AoI*,5.0 s,E11/summary.md,0.1,PASS
C15,Baseline LSTM Load MAPE (dt=0s),8.9504%,E5/comparison.csv,1e-3,PASS
C16,Baseline XGBoost Load MAPE (dt=0s),9.0635%,E5/comparison.csv,1e-3,PASS
C17,Baseline Persistence MAPE (dt=0s),14.7321%,E5/comparison.csv,1e-3,PASS
C18,Audited Active Transient Timesteps,73584,E11/summary.md,Exact,PASS
