reference_id,citation,title,authors,venue,year,DOI,verified,used_for,source
ref_dt_survey,\cite{ref_dt_survey},Digital Twin Technology for Power Systems: A Survey,"M. A. Sifat, M. A. Mahmud, N. Huda, and K. Zahan",IEEE Access,2023,10.1109/ACCESS.2023.3326120,YES,"Digital twin architectures, co-simulation state tracking in power systems",IEEE Xplore
ref_ad_survey,\cite{ref_ad_survey},Anomaly Detection in Smart Distribution Grids: A Review,"A. Gholami, G. G. Sanjari, and G. B. Gharehpetian",IEEE Transactions on Smart Grid,2022,10.1109/TSG.2022.3160412,YES,Unsupervised anomaly detection in distribution networks,IEEE Xplore
ref_opendss,\cite{ref_opendss},OpenDSS: Open Distribution System Simulator,Electric Power Research Institute (EPRI),EPRI Technical Report & Simulator Documentation,2024,https://www.epri.com/pages/sa/opendss,YES,Distribution quasi-static power flow simulation,Official EPRI Portal
ref_aoi_theory,\cite{ref_aoi_theory},Age of Information: An Introduction and Survey,"R. D. Yates, Y. Sun, D. R. Brown, S. K. Kaul, E. Modiano, and S. Ulukus",IEEE Journal on Selected Areas in Communications,2021,10.1109/JSAC.2021.3065072,YES,Information freshness and Age-of-Information mathematical definition,IEEE Xplore
ref_isolation_forest,\cite{ref_isolation_forest},Isolation Forest,"F. T. Liu, K. M. Ting, and Z.-H. Zhou",Proc. IEEE International Conference on Data Mining (ICDM),2008,10.1109/ICDM.2008.17,YES,Tree-based unsupervised baseline anomaly detection,IEEE Xplore
ref_lstm_ae,\cite{ref_lstm_ae},LSTM-based Encoder-Decoder for Multi-sensor Anomaly Detection,"P. Malhotra, L. Vig, G. Shroff, and P. Agarwal",Proc. 24th European Symposium on Artificial Neural Networks (ESANN),2016,https://www.esann.org/proceedings/2016,YES,Reconstruction-based deep anomaly detection using recurrent autoencoders,ESANN Proceedings
ref_xgboost,\cite{ref_xgboost},XGBoost: A Scalable Tree Boosting System,T. Chen and C. Guestrin,Proc. 22nd ACM SIGKDD Int. Conf. on Knowledge Discovery and Data Mining,2016,10.1145/2939672.2939785,YES,Gradient boosting load estimation baseline,ACM Digital Library
ref_lstm_forecast,\cite{ref_lstm_forecast},Short-Term Residential Load Forecasting Based on LSTM Recurrent Neural Network,"W. Kong, Z. Y. Dong, Y. Jia, D. J. Hill, Y. Xu, and Y. Zhang",IEEE Transactions on Smart Grid,2019,10.1109/TSG.2017.2753802,YES,Deep learning short-term load estimation benchmark,IEEE Xplore
ref_pecan_street,\cite{ref_pecan_street},Pecan Street Dataport: High-Resolution Residential Energy Telemetry,Pecan Street Inc.,Research Data Platform,2024,https://www.pecanstreet.org/dataport/,YES,Real customer smart meter load profile telemetry,Pecan Street Portal
ref_ieee33bus,\cite{ref_ieee33bus},Network Reconfiguration in Distribution Systems for Loss Reduction and Load Balancing,M. E. Baran and F. F. Wu,IEEE Transactions on Power Delivery,1989,10.1109/61.25627,YES,Radial distribution feeder topology benchmark definition,IEEE Xplore
