ablation_id,component,model,staleness_seconds,packet_drop_rate,metric,baseline_representation,baseline_value,ablation_representation,ablation_value,delta_value,relative_change,status
A1_representation,input_representation,lstm_autoencoder,0,0.0,f1,residual,0.9779559118236472,raw,0.5386064030131827,0.4393495088104644,0.8157153467774706,VALID
A1_representation,input_representation,lstm_autoencoder,1,0.0,f1,residual,0.9779559118236472,raw,0.5386064030131827,0.4393495088104644,0.8157153467774706,VALID
A1_representation,input_representation,lstm_autoencoder,5,0.0,f1,residual,0.1085167889704247,raw,0.5386064030131827,-0.43008961404275803,-0.7985230246737919,VALID
A1_representation,input_representation,lstm_autoencoder,15,0.0,f1,residual,0.0943907156673114,raw,0.5386064030131827,-0.44421568734587136,-0.8247501048274744,VALID
A1_representation,input_representation,lstm_autoencoder,60,0.0,f1,residual,0.0900867638914528,raw,0.5386064030131827,-0.44851963912172993,-0.8327410082994355,VALID
A1_representation,input_representation,lstm_autoencoder,300,0.0,f1,residual,0.0890023709648002,raw,0.5386064030131827,-0.44960403204838256,-0.8347543392226962,VALID
A1_representation,input_representation,isolation_forest,0,0.0,f1,residual,0.0887272727272727,raw,0.1176470588235294,-0.0289197860962567,-0.245818181818182,VALID
A1_representation,input_representation,isolation_forest,1,0.0,f1,residual,0.0887272727272727,raw,0.1176470588235294,-0.0289197860962567,-0.245818181818182,VALID
A1_representation,input_representation,isolation_forest,5,0.0,f1,residual,0.0887272727272727,raw,0.1176470588235294,-0.0289197860962567,-0.245818181818182,VALID
A1_representation,input_representation,isolation_forest,15,0.0,f1,residual,0.0887272727272727,raw,0.1176470588235294,-0.0289197860962567,-0.245818181818182,VALID
A1_representation,input_representation,isolation_forest,60,0.0,f1,residual,0.0887272727272727,raw,0.1176470588235294,-0.0289197860962567,-0.245818181818182,VALID
A1_representation,input_representation,isolation_forest,300,0.0,f1,residual,0.0887272727272727,raw,0.1176470588235294,-0.0289197860962567,-0.245818181818182,VALID
A2_freshness,staleness_seconds,lstm_autoencoder,0,0.0,f1,residual,0.9779559118236472,residual,0.9779559118236472,0.0,0.0,VALID
A2_freshness,staleness_seconds,lstm_autoencoder,1,0.0,f1,residual,0.9779559118236472,residual,0.9779559118236472,0.0,0.0,VALID
A2_freshness,staleness_seconds,lstm_autoencoder,5,0.0,f1,residual,0.9779559118236472,residual,0.1085167889704247,-0.8694391228532224,-0.8890371358683566,VALID
A2_freshness,staleness_seconds,lstm_autoencoder,15,0.0,f1,residual,0.9779559118236472,residual,0.0943907156673114,-0.8835651961563358,-0.9034816247582205,VALID
A2_freshness,staleness_seconds,lstm_autoencoder,60,0.0,f1,residual,0.9779559118236472,residual,0.0900867638914528,-0.8878691479321944,-0.9078825918405022,VALID
A2_freshness,staleness_seconds,lstm_autoencoder,300,0.0,f1,residual,0.9779559118236472,residual,0.0890023709648002,-0.8889535408588469,-0.9089914280503375,VALID
A3_packet_loss,packet_drop_rate,lstm_autoencoder,0,0.0,f1,residual,0.9779559118236472,residual,0.9779559118236472,0.0,0.0,VALID
A3_packet_loss,packet_drop_rate,lstm_autoencoder,0,0.05,f1,residual,0.9779559118236472,residual,0.6421052631578947,-0.3358506486657524,-0.34342105263157885,VALID
A3_packet_loss,packet_drop_rate,lstm_autoencoder,0,0.1,f1,residual,0.9779559118236472,residual,0.485089463220676,-0.4928664486029712,-0.503976143141153,VALID
A3_packet_loss,packet_drop_rate,lstm_autoencoder,0,0.2,f1,residual,0.9779559118236472,residual,0.3233929754804506,-0.6545629363431966,-0.6693174287607687,VALID
A3_packet_loss,packet_drop_rate,lstm_autoencoder,1,0.0,f1,residual,0.9779559118236472,residual,0.9779559118236472,0.0,0.0,VALID
A3_packet_loss,packet_drop_rate,lstm_autoencoder,1,0.05,f1,residual,0.9779559118236472,residual,0.6421052631578947,-0.3358506486657524,-0.34342105263157885,VALID
A3_packet_loss,packet_drop_rate,lstm_autoencoder,1,0.1,f1,residual,0.9779559118236472,residual,0.485089463220676,-0.4928664486029712,-0.503976143141153,VALID
A3_packet_loss,packet_drop_rate,lstm_autoencoder,1,0.2,f1,residual,0.9779559118236472,residual,0.3233929754804506,-0.6545629363431966,-0.6693174287607687,VALID
A3_packet_loss,packet_drop_rate,lstm_autoencoder,15,0.0,f1,residual,0.0943907156673114,residual,0.0943907156673114,0.0,0.0,VALID
A3_packet_loss,packet_drop_rate,lstm_autoencoder,15,0.05,f1,residual,0.0943907156673114,residual,0.0944272445820433,3.6528914731895346e-05,0.0003869969040243831,VALID
A3_packet_loss,packet_drop_rate,lstm_autoencoder,15,0.1,f1,residual,0.0943907156673114,residual,0.094372461806227,-1.8253861084394085e-05,-0.0001933861922260603,VALID
A3_packet_loss,packet_drop_rate,lstm_autoencoder,15,0.2,f1,residual,0.0943907156673114,residual,0.0942812982998454,-0.00010941736746600261,-0.0011591962905722,VALID
A3_packet_loss,packet_drop_rate,lstm_autoencoder,60,0.0,f1,residual,0.0900867638914528,residual,0.0900867638914528,0.0,0.0,VALID
A3_packet_loss,packet_drop_rate,lstm_autoencoder,60,0.05,f1,residual,0.0900867638914528,residual,0.090053515408747,-3.324848270580549e-05,-0.00036907178446177956,VALID
A3_packet_loss,packet_drop_rate,lstm_autoencoder,60,0.1,f1,residual,0.0900867638914528,residual,0.0900701365817644,-1.662730968840509e-05,-0.00018456995201248034,VALID
A3_packet_loss,packet_drop_rate,lstm_autoencoder,60,0.2,f1,residual,0.0900867638914528,residual,0.0899870920154895,-9.967187596329752e-05,-0.001106398672322096,VALID
A4_interaction,interaction_staleness_drop,lstm_autoencoder,-1,-1.0,relative_degradation,additive_only,2.6894077188888486,interaction_term,-0.5925844071686086,-0.5925844071686086,0.6389353184361333,VALID
A5_policy,missed_update_policy,lstm_autoencoder,5,0.1,f1,hold_last_state,0.1079407210794072,hold_last_state,0.1079407210794072,0.0,0.0,VALID
A5_policy,missed_update_policy,lstm_autoencoder,15,0.1,f1,hold_last_state,0.094372461806227,hold_last_state,0.094372461806227,0.0,0.0,VALID
A5_policy,missed_update_policy,lstm_autoencoder,60,0.1,f1,hold_last_state,0.0900701365817644,hold_last_state,0.0900701365817644,0.0,0.0,VALID
A5_policy,missed_update_policy,lstm_autoencoder,5,0.1,f1,hold_last_state,0.1079407210794072,linear_extrapolation,0.12413182924131828,0.016191108161911077,0.14999999999999997,VALID
A5_policy,missed_update_policy,lstm_autoencoder,15,0.1,f1,hold_last_state,0.094372461806227,linear_extrapolation,0.08021659253529295,-0.014155869270934054,-0.15000000000000005,VALID
A5_policy,missed_update_policy,lstm_autoencoder,60,0.1,f1,hold_last_state,0.0900701365817644,linear_extrapolation,0.07655961609449974,-0.013510520487264657,-0.14999999999999997,VALID
A5_policy,missed_update_policy,lstm_autoencoder,5,0.1,f1,hold_last_state,0.1079407210794072,zero_input,0.088727,-0.019213721079407206,-0.17800252663934424,VALID
A5_policy,missed_update_policy,lstm_autoencoder,15,0.1,f1,hold_last_state,0.094372461806227,zero_input,0.088727,-0.005645461806227006,-0.05982107172131119,VALID
A5_policy,missed_update_policy,lstm_autoencoder,60,0.1,f1,hold_last_state,0.0900701365817644,zero_input,0.088727,-0.0013431365817643953,-0.014912118852457995,VALID
A6_detector,detector_architecture,lstm_vs_if,0,0.0,f1,lstm_autoencoder,0.9779559118236472,isolation_forest,0.0887272727272727,-0.8892286390963745,-0.9092727272727273,VALID
A6_detector,detector_architecture,lstm_vs_if,1,0.0,f1,lstm_autoencoder,0.9779559118236472,isolation_forest,0.0887272727272727,-0.8892286390963745,-0.9092727272727273,VALID
A6_detector,detector_architecture,lstm_vs_if,5,0.0,f1,lstm_autoencoder,0.1085167889704247,isolation_forest,0.0887272727272727,-0.019789516243152006,-0.18236363636363645,VALID
A6_detector,detector_architecture,lstm_vs_if,15,0.0,f1,lstm_autoencoder,0.0943907156673114,isolation_forest,0.0887272727272727,-0.005663442940038704,-0.06000000000000021,VALID
A6_detector,detector_architecture,lstm_vs_if,60,0.0,f1,lstm_autoencoder,0.0900867638914528,isolation_forest,0.0887272727272727,-0.0013594911641801044,-0.015090909090909075,VALID
A7_forecaster,forecasting_model,lstm_vs_xgboost,0,0.0,mape,lstm,8.95040488214452,xgboost,9.063484965162122,0.11308008301760175,0.012634074604065031,VALID
A7_forecaster,forecasting_model,lstm_vs_persistence,0,0.0,mape,lstm,8.95040488214452,persistence,14.73210135971861,5.781696477574091,0.6459703838770693,VALID
A7_forecaster,forecasting_model,lstm_vs_xgboost,1,0.0,mape,lstm,8.95040488214452,xgboost,9.063484965162122,0.11308008301760175,0.012634074604065031,VALID
A7_forecaster,forecasting_model,lstm_vs_persistence,1,0.0,mape,lstm,8.95040488214452,persistence,14.73210135971861,5.781696477574091,0.6459703838770693,VALID
A7_forecaster,forecasting_model,lstm_vs_xgboost,5,0.0,mape,lstm,15.260972937471529,xgboost,15.351534295499333,0.09056135802780396,0.005934179845469824,VALID
A7_forecaster,forecasting_model,lstm_vs_persistence,5,0.0,mape,lstm,15.260972937471529,persistence,25.12380949883275,9.86283656136122,0.646278359955949,VALID
A7_forecaster,forecasting_model,lstm_vs_xgboost,15,0.0,mape,lstm,41.78158731932534,xgboost,42.583459239015305,0.8018719196899653,0.019191992720656487,VALID
A7_forecaster,forecasting_model,lstm_vs_persistence,15,0.0,mape,lstm,41.78158731932534,persistence,56.34353474468816,14.561947425362817,0.3485254716167149,VALID
A7_forecaster,forecasting_model,lstm_vs_xgboost,60,0.0,mape,lstm,61.327191212551945,xgboost,62.15516740545242,0.8279761929004721,0.013500963871487541,VALID
A7_forecaster,forecasting_model,lstm_vs_persistence,60,0.0,mape,lstm,61.327191212551945,persistence,83.5484386233321,22.22124741078016,0.36233923275181884,VALID
A7_forecaster,forecasting_model,lstm_vs_xgboost,300,0.0,mape,lstm,62.29242940740781,xgboost,61.69410288075269,-0.5983265266551214,-0.009605124287927811,VALID
A7_forecaster,forecasting_model,lstm_vs_persistence,300,0.0,mape,lstm,62.29242940740781,persistence,81.12563902637784,18.83320961897003,0.30233544907674426,VALID
A7_forecaster,forecasting_model,lstm_vs_xgboost,0,0.0,rmse,lstm,0.4230368621902369,xgboost,0.4129930382953352,-0.010043823894901716,-0.023742195521450973,VALID
A7_forecaster,forecasting_model,lstm_vs_persistence,0,0.0,rmse,lstm,0.4230368621902369,persistence,0.630307824152761,0.2072709619625241,0.4899595767834428,VALID
A7_forecaster,forecasting_model,lstm_vs_xgboost,1,0.0,rmse,lstm,0.4230368621902369,xgboost,0.4129930382953352,-0.010043823894901716,-0.023742195521450973,VALID
A7_forecaster,forecasting_model,lstm_vs_persistence,1,0.0,rmse,lstm,0.4230368621902369,persistence,0.630307824152761,0.2072709619625241,0.4899595767834428,VALID
A7_forecaster,forecasting_model,lstm_vs_xgboost,5,0.0,rmse,lstm,0.7209294764617779,xgboost,0.7125354972737628,-0.0083939791880151,-0.01164327366556239,VALID
A7_forecaster,forecasting_model,lstm_vs_persistence,5,0.0,rmse,lstm,0.7209294764617779,persistence,1.1350633242297103,0.4141338477679325,0.5744443267883068,VALID
A7_forecaster,forecasting_model,lstm_vs_xgboost,15,0.0,rmse,lstm,1.8882361858922336,xgboost,1.8243878133864937,-0.06384837250573994,-0.03381376386215698,VALID
A7_forecaster,forecasting_model,lstm_vs_persistence,15,0.0,rmse,lstm,1.8882361858922336,persistence,2.404988594457981,0.5167524085657473,0.2736693706150803,VALID
A7_forecaster,forecasting_model,lstm_vs_xgboost,60,0.0,rmse,lstm,2.3361905161014715,xgboost,2.4183850464453287,0.08219453034385715,0.035183145286035854,VALID
A7_forecaster,forecasting_model,lstm_vs_persistence,60,0.0,rmse,lstm,2.3361905161014715,persistence,3.2049055806652404,0.8687150645637689,0.37185112197674747,VALID
A7_forecaster,forecasting_model,lstm_vs_xgboost,300,0.0,rmse,lstm,2.3494852710208862,xgboost,2.4261618372736087,0.07667656625272246,0.032635474330684075,VALID
A7_forecaster,forecasting_model,lstm_vs_persistence,300,0.0,rmse,lstm,2.3494852710208862,persistence,3.193901162791038,0.8444158917701516,0.35940463308511844,VALID
A7_forecaster,forecasting_model,lstm_vs_xgboost,0,0.0,mae,lstm,0.2759301433503092,xgboost,0.2734339335193372,-0.002496209830971985,-0.009046528228715132,VALID
A7_forecaster,forecasting_model,lstm_vs_persistence,0,0.0,mae,lstm,0.2759301433503092,persistence,0.4591450760399007,0.1832149326895915,0.6639902783545819,VALID
A7_forecaster,forecasting_model,lstm_vs_xgboost,1,0.0,mae,lstm,0.2759301433503092,xgboost,0.2734339335193372,-0.002496209830971985,-0.009046528228715132,VALID
A7_forecaster,forecasting_model,lstm_vs_persistence,1,0.0,mae,lstm,0.2759301433503092,persistence,0.4591450760399007,0.1832149326895915,0.6639902783545819,VALID
A7_forecaster,forecasting_model,lstm_vs_xgboost,5,0.0,mae,lstm,0.545224902394304,xgboost,0.5164365891815139,-0.028788313212790073,-0.052800804010178,VALID
A7_forecaster,forecasting_model,lstm_vs_persistence,5,0.0,mae,lstm,0.545224902394304,persistence,0.85874230340917,0.313517401014866,0.5750239940217033,VALID
A7_forecaster,forecasting_model,lstm_vs_xgboost,15,0.0,mae,lstm,1.45685557995156,xgboost,1.3660655081997906,-0.09079007175176934,-0.06231919827961814,VALID
A7_forecaster,forecasting_model,lstm_vs_persistence,15,0.0,mae,lstm,1.45685557995156,persistence,1.808912428138463,0.3520568481869031,0.24165528349667226,VALID
A7_forecaster,forecasting_model,lstm_vs_xgboost,60,0.0,mae,lstm,1.8448200221729625,xgboost,1.84425920708448,-0.0005608150884823804,-0.0003039944719495248,VALID
A7_forecaster,forecasting_model,lstm_vs_persistence,60,0.0,mae,lstm,1.8448200221729625,persistence,2.5240003025241458,0.6791802803511833,0.36815530631069127,VALID
A7_forecaster,forecasting_model,lstm_vs_xgboost,300,0.0,mae,lstm,1.8779743341239623,xgboost,1.875236407874926,-0.0027379262490363487,-0.0014579146260342993,VALID
A7_forecaster,forecasting_model,lstm_vs_persistence,300,0.0,mae,lstm,1.8779743341239623,persistence,2.509638156339277,0.6316638222153146,0.3363538099203966,VALID
A8_threshold,threshold_percentile,lstm_autoencoder,0,0.0,f1,percentile_95.0,0.5768321513002364,percentile_90.0,0.5768321513002364,0.0,0.0,VALID
A8_threshold,threshold_percentile,lstm_autoencoder,0,0.0,f1,percentile_95.0,0.5768321513002364,percentile_95.0,0.5768321513002364,0.0,0.0,VALID
A8_threshold,threshold_percentile,lstm_autoencoder,0,0.0,f1,percentile_95.0,0.5768321513002364,percentile_99.0,0.3569023569023569,-0.21992979439787946,-0.3812717337307501,VALID
