staleness_seconds,packet_drop_rate,realized_mean_aoi,raw_if_f1,residual_if_f1,raw_lstm_ae_f1,residual_lstm_ae_f1,persistence_mape,xgboost_mape,lstm_mape
0,0.0,0.0,0.1176470588235294,0.0887272727272727,0.5386064030131827,0.9779559118236472,14.73210135971861,9.063484965162122,8.95040488214452
0,0.05,0.0534531963470319,0.1176470588235294,0.0887272727272727,0.5386064030131827,0.6421052631578947,14.953406180024844,9.125493651918465,8.959365985897191
0,0.1,0.1089326484018264,0.1176470588235294,0.0887272727272727,0.5386064030131827,0.485089463220676,15.22745767394809,9.223874567994905,9.013588747109727
0,0.2,0.2509132420091324,0.1176470588235294,0.0887272727272727,0.5386064030131827,0.3233929754804506,15.806540790489112,9.474150554656106,9.171423424412827
1,0.0,0.0,0.1176470588235294,0.0887272727272727,0.5386064030131827,0.9779559118236472,14.73210135971861,9.063484965162122,8.95040488214452
1,0.05,0.0534531963470319,0.1176470588235294,0.0887272727272727,0.5386064030131827,0.6421052631578947,14.953406180024844,9.125493651918465,8.959365985897191
1,0.1,0.1089326484018264,0.1176470588235294,0.0887272727272727,0.5386064030131827,0.485089463220676,15.22745767394809,9.223874567994905,9.013588747109727
1,0.2,0.2509132420091324,0.1176470588235294,0.0887272727272727,0.5386064030131827,0.3233929754804506,15.806540790489112,9.474150554656106,9.171423424412827
5,0.0,2.0,0.1176470588235294,0.0887272727272727,0.5386064030131827,0.1085167889704247,25.12380949883275,15.351534295499333,15.260972937471529
5,0.05,2.031563926940639,0.1176470588235294,0.0887272727272727,0.5386064030131827,0.1080363072835953,25.004624510816114,14.83697982436679,15.180048337165452
5,0.1,2.066923515981735,0.1176470588235294,0.0887272727272727,0.5386064030131827,0.1079407210794072,25.865999021124107,16.01590534531115,15.824929166731552
5,0.2,2.1592465753424657,0.1176470588235294,0.0887272727272727,0.5386064030131827,0.1073943661971831,25.93840522970121,15.89010122826152,16.063561543394936
15,0.0,7.0,0.1176470588235294,0.0887272727272727,0.5386064030131827,0.0943907156673114,56.34353474468816,42.583459239015305,41.78158731932534
15,0.05,7.026369863013699,0.1176470588235294,0.0887272727272727,0.5386064030131827,0.0944272445820433,58.87377257436558,44.24652148868349,43.29800891131623
15,0.1,7.058533105022831,0.1176470588235294,0.0887272727272727,0.5386064030131827,0.094372461806227,56.48856492914949,42.93870910831868,42.66467023259599
15,0.2,7.138498858447488,0.1176470588235294,0.0887272727272727,0.5386064030131827,0.0942812982998454,59.03404919488207,44.42986089856279,44.2613627090222
60,0.0,29.5,0.1176470588235294,0.0887272727272727,0.5386064030131827,0.0900867638914528,83.5484386233321,62.15516740545242,61.327191212551945
60,0.05,29.51081621004566,0.1176470588235294,0.0887272727272727,0.5386064030131827,0.090053515408747,83.36288336429833,62.74507357541742,60.113276753312896
60,0.1,29.55236872146119,0.1176470588235294,0.0887272727272727,0.5386064030131827,0.0900701365817644,83.31273650298479,62.489908101204335,58.62408928672285
60,0.2,29.63301940639269,0.1176470588235294,0.0887272727272727,0.5386064030131827,0.0899870920154895,81.88915365005585,61.62978628738309,60.10556436273332
300,0.0,149.2945205479452,0.1176470588235294,0.0887272727272727,0.5386064030131827,0.0890023709648002,81.12563902637784,61.69410288075269,62.29242940740781
300,0.05,149.30165525114154,0.1176470588235294,0.0887272727272727,0.5386064030131827,0.0889699179580674,79.22532657950369,61.05538802353855,60.02009311561609
300,0.1,149.31732305936072,0.1176470588235294,0.0887272727272727,0.5386064030131827,0.0890023709648002,82.38192373039603,65.53745524076776,59.83106743972931
300,0.2,149.3620719178082,0.1176470588235294,0.0887272727272727,0.5386064030131827,0.0889861415025528,85.44861354939036,64.7746388128392,59.52588344855144
