claim_id,claim_text,metric,expected_value,verified_value,tolerance,source_phase,source_artifact,source_field,source_hash,verification_method,status,publication_safe
C01,Baseline Residual + LSTM-AE test F1 score under ideal synchronization,f1_score,0.977956,0.9779559118236473,0.0001,phase7_e4,metrics.json,E4-4.test.f1,63e5b871d18830531d15e18e5a096587a32059790c17835cb538b32bc5659d5b,exact_or_tolerance_match,PASS,True
C02,Baseline Raw + LSTM-AE test F1 score under ideal synchronization,f1_score,0.538606,0.5386064030131827,0.0001,phase7_e4,metrics.json,E4-3.test.f1,63e5b871d18830531d15e18e5a096587a32059790c17835cb538b32bc5659d5b,exact_or_tolerance_match,PASS,True
C03,Baseline Raw + Isolation Forest test F1 score under ideal synchronization,f1_score,0.117647,0.11764705882352941,0.0001,phase7_e4,metrics.json,E4-1.test.f1,63e5b871d18830531d15e18e5a096587a32059790c17835cb538b32bc5659d5b,exact_or_tolerance_match,PASS,True
C04,Baseline Residual + Isolation Forest test F1 score under ideal synchronization,f1_score,0.088727,0.08872727272727272,0.0001,phase7_e4,metrics.json,E4-2.test.f1,63e5b871d18830531d15e18e5a096587a32059790c17835cb538b32bc5659d5b,exact_or_tolerance_match,PASS,True
C05,H3 multi-seed aggregate normalized log-linear slope difference Δβ,slope_difference_delta_beta,-1.2236455016005805,-1.2236455016005805,0.0001,phase10_e10,multiseed_h3_summary.csv,Multi-seed.delta_beta,23f9c80648f0207217a315dd940af12e3b3317f1cbf01d2147ec70f1bb0e3b97,exact_or_tolerance_match,PASS,True
C06,H3 multi-seed aggregate 95% bootstrap confidence interval lower bound,confidence_interval_lower,-1.3462600065803283,-1.3462600065803283,0.0001,phase10_e10,multiseed_h3_summary.csv,Multi-seed.ci_lower,23f9c80648f0207217a315dd940af12e3b3317f1cbf01d2147ec70f1bb0e3b97,exact_or_tolerance_match,PASS,True
C07,H3 multi-seed aggregate 95% bootstrap confidence interval upper bound,confidence_interval_upper,-1.1134119167064354,-1.1134119167064354,0.0001,phase10_e10,multiseed_h3_summary.csv,Multi-seed.ci_upper,23f9c80648f0207217a315dd940af12e3b3317f1cbf01d2147ec70f1bb0e3b97,exact_or_tolerance_match,PASS,True
C08,H3 multi-seed aggregate slope hypothesis test p-value,p_value,1.0,1.0,0.0001,phase10_e10,multiseed_h3_summary.csv,Multi-seed.p_value_slope,23f9c80648f0207217a315dd940af12e3b3317f1cbf01d2147ec70f1bb0e3b97,exact_or_tolerance_match,PASS,True
C09,H3 hypothesis testing formal decision across all 5 seeds and multi-seed aggregate,hypothesis_decision,NOT_SUPPORTED,NOT_SUPPORTED,0.0,phase10_e10,multiseed_h3_summary.csv,Multi-seed.decision,23f9c80648f0207217a315dd940af12e3b3317f1cbf01d2147ec70f1bb0e3b97,exact_or_tolerance_match,PASS,True
C10,Phase 8 E5 factorial synchronization conditions count (6 staleness × 4 drop rates),condition_count,24,24,0.0,phase8_e5,comparison.csv,condition_id.nunique,43c4ef2ce7d4e78b996906a4becf9bf7fd115fa8c7e4bec199e2d0face368856,exact_or_tolerance_match,PASS,True
C11,Phase 10 E10 total evaluated seed-condition pairs (5 seeds × 24 conditions),seed_condition_count,120,120,0.0,phase10_e10,seed_results.csv,seed_condition.nunique,321413460bd53b9e2333d08e80d63b2caf8b0b8c5115678d071f589edec3f800,exact_or_tolerance_match,PASS,True
C12,Phase 11 E11 controlled ablation evaluations count across A1-A8,ablation_evaluation_count,88,88,0.0,phase11_e11,table_02_ablation_results.csv,row_count,7463169168018e7c409a1251f1e2765a7ff682d79e9a9391c16614b8ce79a394,exact_or_tolerance_match,PASS,True
C13,Micro instantaneous residual-divergence change point AoI (first departure from noise floor),instantaneous_divergence_aoi_seconds,0.0,0.0,0.0001,phase11_e11,table_04_change_point_analysis.csv,estimated_transition_aoi_seconds,81cf0b7537d3b45d026b2ed2de36ed92d6ea9c3c335339a1daa240cc8351cedc,exact_or_tolerance_match,PASS,True
C14,Macro empirical transition cliff AoI* (in-bin detection collapse and steep discrete drop),empirical_cliff_aoi_seconds,5.0,5.0,0.1,phase11_e11,summary.md,critical_transition_cliff.center,521d5fcb1b604eaf6b0fd2ecb22c2da78c58044b4a79cdadf048ecb8c093af00,exact_or_tolerance_match,PASS,True
C15,Baseline LSTM load estimation test MAPE under ideal synchronization,mape_percentage,8.950405,8.95040488214452,0.001,phase8_e5,comparison.csv,E5_DT0_PD00_SEED42.lstm.mape,43c4ef2ce7d4e78b996906a4becf9bf7fd115fa8c7e4bec199e2d0face368856,exact_or_tolerance_match,PASS,True
C16,Baseline XGBoost load estimation test MAPE under ideal synchronization,mape_percentage,9.063485,9.063484965162122,0.001,phase8_e5,comparison.csv,E5_DT0_PD00_SEED42.xgboost.mape,43c4ef2ce7d4e78b996906a4becf9bf7fd115fa8c7e4bec199e2d0face368856,exact_or_tolerance_match,PASS,True
C17,Baseline Persistence load estimation test MAPE under ideal synchronization,mape_percentage,14.732101,14.73210135971861,0.001,phase8_e5,comparison.csv,E5_DT0_PD00_SEED42.persistence.mape,43c4ef2ce7d4e78b996906a4becf9bf7fd115fa8c7e4bec199e2d0face368856,exact_or_tolerance_match,PASS,True
C18,Total audited transient timesteps across active staleness epochs in Phase 11,timesteps_count,73584,73584,0.0,phase11_e11,summary.md,transient_analysis_timesteps,521d5fcb1b604eaf6b0fd2ecb22c2da78c58044b4a79cdadf048ecb8c093af00,exact_or_tolerance_match,PASS,True
