condition_id,staleness_seconds,packet_drop_rate,realized_mean_aoi,realized_p95_aoi,task,model,detector,representation,metric,value,baseline_value,absolute_delta,relative_degradation,status
E5_DT0_PD00_SEED42,0,0.0,0.0,0.0,load_estimation,persistence,None,raw,mae,0.4591450760399007,0.4591450760399007,0.0,0.0,SUCCESS
E5_DT0_PD00_SEED42,0,0.0,0.0,0.0,load_estimation,persistence,None,raw,rmse,0.630307824152761,0.630307824152761,0.0,0.0,SUCCESS
E5_DT0_PD00_SEED42,0,0.0,0.0,0.0,load_estimation,persistence,None,raw,mape,14.73210135971861,14.73210135971861,0.0,0.0,SUCCESS
E5_DT0_PD00_SEED42,0,0.0,0.0,0.0,load_estimation,persistence,None,raw,r2,0.9266422537549911,0.9266422537549911,0.0,0.0,SUCCESS
E5_DT0_PD00_SEED42,0,0.0,0.0,0.0,load_estimation,xgboost,None,raw,mae,0.27343393351933726,0.27343393351933726,0.0,0.0,SUCCESS
E5_DT0_PD00_SEED42,0,0.0,0.0,0.0,load_estimation,xgboost,None,raw,rmse,0.4129930382953352,0.4129930382953352,0.0,0.0,SUCCESS
E5_DT0_PD00_SEED42,0,0.0,0.0,0.0,load_estimation,xgboost,None,raw,mape,9.063484965162122,9.063484965162122,0.0,0.0,SUCCESS
E5_DT0_PD00_SEED42,0,0.0,0.0,0.0,load_estimation,xgboost,None,raw,r2,0.9685061288962542,0.9685061288962542,0.0,0.0,SUCCESS
E5_DT0_PD00_SEED42,0,0.0,0.0,0.0,load_estimation,lstm,None,raw,mae,0.27593014335030924,0.27593014335030924,0.0,0.0,SUCCESS
E5_DT0_PD00_SEED42,0,0.0,0.0,0.0,load_estimation,lstm,None,raw,rmse,0.4230368621902369,0.4230368621902369,0.0,0.0,SUCCESS
E5_DT0_PD00_SEED42,0,0.0,0.0,0.0,load_estimation,lstm,None,raw,mape,8.95040488214452,8.95040488214452,0.0,0.0,SUCCESS
E5_DT0_PD00_SEED42,0,0.0,0.0,0.0,load_estimation,lstm,None,raw,r2,0.9670456810550092,0.9670456810550092,0.0,0.0,SUCCESS
E5_DT0_PD00_SEED42,0,0.0,0.0,0.0,anomaly_detection,None,isolation_forest,raw,precision,0.11646586345381527,0.11646586345381527,0.0,0.0,SUCCESS
E5_DT0_PD00_SEED42,0,0.0,0.0,0.0,anomaly_detection,None,isolation_forest,raw,recall,0.11885245901639344,0.11885245901639344,0.0,0.0,SUCCESS
E5_DT0_PD00_SEED42,0,0.0,0.0,0.0,anomaly_detection,None,isolation_forest,raw,f1,0.11764705882352941,0.11764705882352941,0.0,0.0,SUCCESS
E5_DT0_PD00_SEED42,0,0.0,0.0,0.0,anomaly_detection,None,isolation_forest,raw,false_positive_rate,0.04389465283320032,0.04389465283320032,0.0,0.0,SUCCESS
E5_DT0_PD00_SEED42,0,0.0,0.0,0.0,anomaly_detection,None,isolation_forest,raw,pr_auc,0.09385708598261007,0.09385708598261007,0.0,0.0,SUCCESS
E5_DT0_PD00_SEED42,0,0.0,0.0,0.0,anomaly_detection,None,isolation_forest,raw,roc_auc,0.7138596875695052,0.7138596875695052,0.0,0.0,SUCCESS
E5_DT0_PD00_SEED42,0,0.0,0.0,0.0,anomaly_detection,None,isolation_forest,raw,detection_latency,3.2459016393442623,3.2459016393442623,0.0,0.0,SUCCESS
E5_DT0_PD00_SEED42,0,0.0,0.0,0.0,anomaly_detection,None,isolation_forest,raw,threshold,0.5031683371451802,0.5031683371451802,0.0,0.0,SUCCESS
E5_DT0_PD00_SEED42,0,0.0,0.0,0.0,anomaly_detection,None,isolation_forest,residual,precision,0.04642313546423135,0.04642313546423135,0.0,0.0,SUCCESS
E5_DT0_PD00_SEED42,0,0.0,0.0,0.0,anomaly_detection,None,isolation_forest,residual,recall,1.0,1.0,0.0,0.0,SUCCESS
E5_DT0_PD00_SEED42,0,0.0,0.0,0.0,anomaly_detection,None,isolation_forest,residual,f1,0.08872727272727272,0.08872727272727272,0.0,0.0,SUCCESS
E5_DT0_PD00_SEED42,0,0.0,0.0,0.0,anomaly_detection,None,isolation_forest,residual,false_positive_rate,1.0,1.0,0.0,0.0,SUCCESS
E5_DT0_PD00_SEED42,0,0.0,0.0,0.0,anomaly_detection,None,isolation_forest,residual,pr_auc,1.0,1.0,0.0,0.0,SUCCESS
E5_DT0_PD00_SEED42,0,0.0,0.0,0.0,anomaly_detection,None,isolation_forest,residual,roc_auc,1.0,1.0,0.0,0.0,SUCCESS
E5_DT0_PD00_SEED42,0,0.0,0.0,0.0,anomaly_detection,None,isolation_forest,residual,detection_latency,0.0,0.0,0.0,0.0,SUCCESS
E5_DT0_PD00_SEED42,0,0.0,0.0,0.0,anomaly_detection,None,isolation_forest,residual,threshold,0.29376565419608197,0.29376565419608197,0.0,0.0,SUCCESS
E5_DT0_PD00_SEED42,0,0.0,0.0,0.0,anomaly_detection,None,lstm_autoencoder,raw,precision,0.49825783972125437,0.49825783972125437,0.0,0.0,SUCCESS
E5_DT0_PD00_SEED42,0,0.0,0.0,0.0,anomaly_detection,None,lstm_autoencoder,raw,recall,0.5860655737704918,0.5860655737704918,0.0,0.0,SUCCESS
E5_DT0_PD00_SEED42,0,0.0,0.0,0.0,anomaly_detection,None,lstm_autoencoder,raw,f1,0.5386064030131827,0.5386064030131827,0.0,0.0,SUCCESS
E5_DT0_PD00_SEED42,0,0.0,0.0,0.0,anomaly_detection,None,lstm_autoencoder,raw,false_positive_rate,0.028731045490822026,0.028731045490822026,0.0,0.0,SUCCESS
E5_DT0_PD00_SEED42,0,0.0,0.0,0.0,anomaly_detection,None,lstm_autoencoder,raw,pr_auc,0.561001698584242,0.561001698584242,0.0,0.0,SUCCESS
E5_DT0_PD00_SEED42,0,0.0,0.0,0.0,anomaly_detection,None,lstm_autoencoder,raw,roc_auc,0.9493396177043946,0.9493396177043946,0.0,0.0,SUCCESS
E5_DT0_PD00_SEED42,0,0.0,0.0,0.0,anomaly_detection,None,lstm_autoencoder,raw,detection_latency,1.3442622950819672,1.3442622950819672,0.0,0.0,SUCCESS
E5_DT0_PD00_SEED42,0,0.0,0.0,0.0,anomaly_detection,None,lstm_autoencoder,raw,threshold,0.0007370078528765589,0.0007370078528765589,0.0,0.0,SUCCESS
E5_DT0_PD00_SEED42,0,0.0,0.0,0.0,anomaly_detection,None,lstm_autoencoder,residual,precision,0.9568627450980393,0.9568627450980393,0.0,0.0,SUCCESS
E5_DT0_PD00_SEED42,0,0.0,0.0,0.0,anomaly_detection,None,lstm_autoencoder,residual,recall,1.0,1.0,0.0,0.0,SUCCESS
E5_DT0_PD00_SEED42,0,0.0,0.0,0.0,anomaly_detection,None,lstm_autoencoder,residual,f1,0.9779559118236473,0.9779559118236473,0.0,0.0,SUCCESS
E5_DT0_PD00_SEED42,0,0.0,0.0,0.0,anomaly_detection,None,lstm_autoencoder,residual,false_positive_rate,0.002194732641660016,0.002194732641660016,0.0,0.0,SUCCESS
E5_DT0_PD00_SEED42,0,0.0,0.0,0.0,anomaly_detection,None,lstm_autoencoder,residual,pr_auc,1.0,1.0,0.0,0.0,SUCCESS
E5_DT0_PD00_SEED42,0,0.0,0.0,0.0,anomaly_detection,None,lstm_autoencoder,residual,roc_auc,1.0,1.0,0.0,0.0,SUCCESS
E5_DT0_PD00_SEED42,0,0.0,0.0,0.0,anomaly_detection,None,lstm_autoencoder,residual,detection_latency,0.0,0.0,0.0,0.0,SUCCESS
E5_DT0_PD00_SEED42,0,0.0,0.0,0.0,anomaly_detection,None,lstm_autoencoder,residual,threshold,0.0003816792741417885,0.0003816792741417885,0.0,0.0,SUCCESS
