task,model,representation,metric,slope_mean,slope_ci_low,slope_ci_high,std_err
load_estimation,persistence,raw,mae,0.9232557968811135,0.834396561195367,1.0942060061773764,0.06806115802238946
load_estimation,persistence,raw,rmse,0.8487681597954139,0.767320434739569,1.0078573616571356,0.06372834573531058
load_estimation,persistence,raw,mape,0.9623872491784028,0.8707599887247987,1.1384500845482126,0.07043763849814494
load_estimation,persistence,raw,r2,-0.41356093811218053,-0.48848250218224276,-0.3756897658512623,0.02951933957352974
load_estimation,xgboost,raw,mae,1.2434762847764365,1.1334758078859088,1.4541663189199157,0.0850704679556354
load_estimation,xgboost,raw,rmse,1.041022987373274,0.9440634461241858,1.2244588164851224,0.07457188885346244
load_estimation,xgboost,raw,mape,1.2574586063016089,1.1414571502125024,1.4666712343717272,0.08608249585480851
load_estimation,xgboost,raw,r2,-0.236492051641528,-0.2759127269491372,-0.2153234119771011,0.0158884432625772
load_estimation,lstm,raw,mae,1.2010055721280337,1.0793918680522894,1.4233782268352235,0.09294879614083083
load_estimation,lstm,raw,rmse,0.9511338577406417,0.8512072505452292,1.138116606898857,0.07620617048133557
load_estimation,lstm,raw,mape,1.2151662754381198,1.0997631426273473,1.4326356577291195,0.08722280087705116
load_estimation,lstm,raw,r2,-0.21203951041405997,-0.2515249370051738,-0.19118650452454838,0.015767447755409638
anomaly_detection,isolation_forest,raw,precision,0.0,0.0,0.0,0.0
anomaly_detection,isolation_forest,raw,recall,0.0,0.0,0.0,0.0
anomaly_detection,isolation_forest,raw,f1,0.0,0.0,0.0,0.0
anomaly_detection,isolation_forest,raw,false_positive_rate,0.0,0.0,0.0,0.0
anomaly_detection,isolation_forest,raw,pr_auc,0.0,0.0,0.0,0.0
anomaly_detection,isolation_forest,raw,roc_auc,0.0,0.0,0.0,0.0
anomaly_detection,isolation_forest,raw,detection_latency,0.0,0.0,0.0,0.0
anomaly_detection,isolation_forest,raw,threshold,0.0,0.0,0.0,0.0
anomaly_detection,isolation_forest,residual,precision,0.0,0.0,0.0,0.0
anomaly_detection,isolation_forest,residual,recall,0.0,0.0,0.0,0.0
anomaly_detection,isolation_forest,residual,f1,0.0,0.0,0.0,0.0
anomaly_detection,isolation_forest,residual,false_positive_rate,0.0,0.0,0.0,0.0
anomaly_detection,isolation_forest,residual,pr_auc,0.0680102597858428,0.021549159326001106,0.13016001806473282,0.027516043401688006
anomaly_detection,isolation_forest,residual,roc_auc,0.08191976599920425,0.056834388623093694,0.10929220748398655,0.012841793828234261
anomaly_detection,isolation_forest,residual,detection_latency,0.0,0.0,0.0,0.0
anomaly_detection,isolation_forest,residual,threshold,0.0,0.0,0.0,0.0
anomaly_detection,lstm_autoencoder,raw,precision,0.0,0.0,0.0,0.0
anomaly_detection,lstm_autoencoder,raw,recall,0.0,0.0,0.0,0.0
anomaly_detection,lstm_autoencoder,raw,f1,0.0,0.0,0.0,0.0
anomaly_detection,lstm_autoencoder,raw,false_positive_rate,0.0,0.0,0.0,0.0
anomaly_detection,lstm_autoencoder,raw,pr_auc,0.0,0.0,0.0,0.0
anomaly_detection,lstm_autoencoder,raw,roc_auc,0.0,0.0,0.0,0.0
anomaly_detection,lstm_autoencoder,raw,detection_latency,0.0,0.0,0.0,0.0
anomaly_detection,lstm_autoencoder,raw,threshold,0.0,0.0,0.0,0.0
anomaly_detection,lstm_autoencoder,residual,precision,0.08681953062620182,0.03961607060962745,0.1420851784428843,0.026133052834733994
anomaly_detection,lstm_autoencoder,residual,recall,0.0,0.0,0.0,0.0
anomaly_detection,lstm_autoencoder,residual,f1,0.10039289615667227,0.05406830798898041,0.15151245690535015,0.024394567306207097
anomaly_detection,lstm_autoencoder,residual,false_positive_rate,79.86234572220246,57.95218899468901,104.00140890883662,11.307156081090561
anomaly_detection,lstm_autoencoder,residual,pr_auc,0.08711008064753384,0.04447239425407916,0.13765283892389438,0.023897564956744083
anomaly_detection,lstm_autoencoder,residual,roc_auc,0.07417713570585063,0.056513041178243226,0.09648648350278391,0.009915733861477758
anomaly_detection,lstm_autoencoder,residual,detection_latency,0.0,0.0,0.0,0.0
anomaly_detection,lstm_autoencoder,residual,threshold,0.0,0.0,0.0,0.0
