task,model,representation,metric,value_mean,value_std,value_min,value_max,value_median,absolute_degradation_mean,absolute_degradation_std,absolute_degradation_min,absolute_degradation_max,absolute_degradation_median,normalized_degradation_mean,normalized_degradation_std,normalized_degradation_min,normalized_degradation_max,normalized_degradation_median
anomaly_detection,isolation_forest,raw,detection_latency,3.2459016393442623,0.0,3.2459016393442623,3.2459016393442623,3.2459016393442623,0.0,0.0,0.0,0.0,0.0,0.0,0.0,0.0,0.0,0.0
anomaly_detection,isolation_forest,raw,f1,0.1176470588235294,0.0,0.1176470588235294,0.1176470588235294,0.1176470588235294,0.0,0.0,0.0,0.0,0.0,0.0,0.0,0.0,0.0,0.0
anomaly_detection,isolation_forest,raw,false_positive_rate,0.0438946528332003,0.0,0.0438946528332003,0.0438946528332003,0.0438946528332003,0.0,0.0,0.0,0.0,0.0,0.0,0.0,0.0,0.0,0.0
anomaly_detection,isolation_forest,raw,pr_auc,0.09385708598261,0.0,0.09385708598261,0.09385708598261,0.09385708598261,0.0,0.0,0.0,0.0,0.0,0.0,0.0,0.0,0.0,0.0
anomaly_detection,isolation_forest,raw,precision,0.1164658634538152,0.0,0.1164658634538152,0.1164658634538152,0.1164658634538152,0.0,0.0,0.0,0.0,0.0,0.0,0.0,0.0,0.0,0.0
anomaly_detection,isolation_forest,raw,recall,0.1188524590163934,0.0,0.1188524590163934,0.1188524590163934,0.1188524590163934,0.0,0.0,0.0,0.0,0.0,0.0,0.0,0.0,0.0,0.0
anomaly_detection,isolation_forest,raw,roc_auc,0.7138596875695052,0.0,0.7138596875695052,0.7138596875695052,0.7138596875695052,0.0,0.0,0.0,0.0,0.0,0.0,0.0,0.0,0.0,0.0
anomaly_detection,isolation_forest,raw,threshold,0.5031683371451802,0.0,0.5031683371451802,0.5031683371451802,0.5031683371451802,0.0,0.0,0.0,0.0,0.0,0.0,0.0,0.0,0.0,0.0
anomaly_detection,isolation_forest,residual,detection_latency,0.0,0.0,0.0,0.0,0.0,0.0,0.0,0.0,0.0,0.0,0.0,0.0,0.0,0.0,0.0
anomaly_detection,isolation_forest,residual,f1,0.0887272727272727,0.0,0.0887272727272727,0.0887272727272727,0.0887272727272727,0.0,0.0,0.0,0.0,0.0,0.0,0.0,0.0,0.0,0.0
anomaly_detection,isolation_forest,residual,false_positive_rate,1.0,0.0,1.0,1.0,1.0,0.0,0.0,0.0,0.0,0.0,0.0,0.0,0.0,0.0,0.0
anomaly_detection,isolation_forest,residual,pr_auc,0.16683303125818816,0.26852979271053357,0.0383115608936619,1.0,0.05310708000258045,0.8331669687418118,0.26852979271053345,0.0,0.961688439106338,0.9468929199974195,0.8331669687418118,0.26852979271053345,0.0,0.961688439106338,0.9468929199974195
anomaly_detection,isolation_forest,residual,precision,0.0464231354642313,0.0,0.0464231354642313,0.0464231354642313,0.0464231354642313,0.0,0.0,0.0,0.0,0.0,0.0,0.0,0.0,0.0,0.0
anomaly_detection,isolation_forest,residual,recall,1.0,0.0,1.0,1.0,1.0,0.0,0.0,0.0,0.0,0.0,0.0,0.0,0.0,0.0,0.0
anomaly_detection,isolation_forest,residual,roc_auc,0.66015197406007,0.19684640592734834,0.4414503552130624,1.0,0.5739959752332109,0.33984802593992997,0.19684640592734828,0.0,0.5585496447869376,0.42600402476678917,0.33984802593992997,0.19684640592734828,0.0,0.5585496447869376,0.42600402476678917
anomaly_detection,isolation_forest,residual,threshold,0.2937656541960819,0.0,0.2937656541960819,0.2937656541960819,0.2937656541960819,0.0,0.0,0.0,0.0,0.0,0.0,0.0,0.0,0.0,0.0
anomaly_detection,lstm_autoencoder,raw,detection_latency,1.3442622950819672,0.0,1.3442622950819672,1.3442622950819672,1.3442622950819672,0.0,0.0,0.0,0.0,0.0,0.0,0.0,0.0,0.0,0.0
anomaly_detection,lstm_autoencoder,raw,f1,0.5386064030131827,0.0,0.5386064030131827,0.5386064030131827,0.5386064030131827,0.0,0.0,0.0,0.0,0.0,0.0,0.0,0.0,0.0,0.0
anomaly_detection,lstm_autoencoder,raw,false_positive_rate,0.028731045490822,0.0,0.028731045490822,0.028731045490822,0.028731045490822,0.0,0.0,0.0,0.0,0.0,0.0,0.0,0.0,0.0,0.0
anomaly_detection,lstm_autoencoder,raw,pr_auc,0.561001698584242,0.0,0.561001698584242,0.561001698584242,0.561001698584242,0.0,0.0,0.0,0.0,0.0,0.0,0.0,0.0,0.0,0.0
anomaly_detection,lstm_autoencoder,raw,precision,0.4982578397212543,0.0,0.4982578397212543,0.4982578397212543,0.4982578397212543,0.0,0.0,0.0,0.0,0.0,0.0,0.0,0.0,0.0,0.0
anomaly_detection,lstm_autoencoder,raw,recall,0.5860655737704918,0.0,0.5860655737704918,0.5860655737704918,0.5860655737704918,0.0,0.0,0.0,0.0,0.0,0.0,0.0,0.0,0.0,0.0
anomaly_detection,lstm_autoencoder,raw,roc_auc,0.9493396177043946,0.0,0.9493396177043946,0.9493396177043946,0.9493396177043946,0.0,0.0,0.0,0.0,0.0,0.0,0.0,0.0,0.0,0.0
anomaly_detection,lstm_autoencoder,raw,threshold,0.0007370078528765,0.0,0.0007370078528765,0.0007370078528765,0.0007370078528765,0.0,0.0,0.0,0.0,0.0,0.0,0.0,0.0,0.0,0.0
anomaly_detection,lstm_autoencoder,residual,detection_latency,0.0,0.0,0.0,0.0,0.0,0.0,0.0,0.0,0.0,0.0,0.0,0.0,0.0,0.0,0.0
anomaly_detection,lstm_autoencoder,residual,f1,0.2659418933557937,0.28484531384139933,0.0889699179580674,0.9779559118236472,0.1009108053896132,0.7120140184678535,0.28484531384139933,0.0,0.8889859938655797,0.8770451064340339,0.7280635147857765,0.29126600739110303,0.0,0.909024612579763,0.896814565800375
anomaly_detection,lstm_autoencoder,residual,false_positive_rate,0.6502061718542166,0.4113052359072752,0.00219473264166,0.9970071827613728,0.8715083798882681,0.6480114392125566,0.4113052359072752,0.0,0.9948124501197128,0.8693136472466081,295.2575757575779,187.40562203338894,0.0,453.2727272727306,396.09090909091196
anomaly_detection,lstm_autoencoder,residual,pr_auc,0.2587787211459633,0.2682736043783254,0.0821625914775419,1.0,0.12283242605551635,0.7412212788540367,0.26827360437832537,0.0,0.9178374085224581,0.8771675739444837,0.7412212788540367,0.26827360437832537,0.0,0.9178374085224581,0.8771675739444837
anomaly_detection,lstm_autoencoder,residual,precision,0.19528586277033944,0.2705054417596057,0.0465560007632131,0.9568627450980391,0.05314869740993325,0.7615768823276997,0.2705054417596057,0.0,0.9103067443348261,0.9037140476881058,0.7959102663670632,0.28270035921598147,0.0,0.951345163136806,0.9444552547560123
anomaly_detection,lstm_autoencoder,residual,recall,1.0,0.0,1.0,1.0,1.0,0.0,0.0,0.0,0.0,0.0,0.0,0.0,0.0,0.0,0.0
anomaly_detection,lstm_autoencoder,residual,roc_auc,0.7345599727321096,0.16862524966648829,0.5312667630473747,1.0,0.6732894332291026,0.26544002726789045,0.1686252496664883,0.0,0.46873323695262525,0.3267105667708974,0.26544002726789045,0.1686252496664883,0.0,0.46873323695262525,0.3267105667708974
anomaly_detection,lstm_autoencoder,residual,threshold,0.0003816792741417,0.0,0.0003816792741417,0.0003816792741417,0.0003816792741417,0.0,0.0,0.0,0.0,0.0,0.0,0.0,0.0,0.0,0.0
load_estimation,lstm,raw,mae,1.0482933234514282,0.7076019676660109,0.2759301433503092,1.8779743341239623,1.016782824370776,0.7723631801011192,0.7076019676660109,0.0,1.6020441907736531,0.7408526810204668,2.7991257885897576,2.564424310712837,0.0,5.805977452560397,2.6849284098689847
load_estimation,lstm,raw,mape,32.84851259428239,22.989962111731142,8.95040488214452,62.29242940740781,28.92257443136014,23.89810771213787,22.989962111731145,0.0,53.34202452526329,19.972169549215618,2.6700588439091795,2.5685946518011304,0.0,5.959733132484005,2.2314263781584684
load_estimation,lstm,raw,r2,0.5278150865618049,0.43893109297124894,-0.0164859259169762,0.9670456810550092,0.6184740505300493,-0.4392305944932043,0.43893109297124894,-0.9835316069719854,0.0,-0.3485716305249599,-0.45419839320725863,0.4538886854780141,-1.0170477219845402,0.0,-0.36045001529264037
load_estimation,lstm,raw,rmse,1.3592908487541682,0.8647012532542218,0.4230368621902369,2.3494852710208862,1.3243674005349615,0.9362539865639312,0.8647012532542218,0.0,1.9264484088306493,0.9013305383447247,2.213173532246237,2.0440328740557163,0.0,4.553854713408729,2.1306193830914957
load_estimation,persistence,raw,mae,1.4446519405795106,0.8917652885305659,0.4591450760399007,2.5345082718487744,1.348360134302844,0.98550686453961,0.8917652885305661,0.0,2.075363195808874,0.8892150582629433,2.1463953681907006,1.9422298856430942,0.0,4.520059789617608,1.9366755839622
load_estimation,persistence,raw,mape,46.43360361409415,29.88137378438728,14.73210135971861,85.44861354939036,41.14096998719468,31.701502254375544,29.88137378438728,0.0,70.71651218967175,26.40886862747607,2.151865608327654,2.0283171459905045,0.0,4.8001646515295535,1.79260704108952
load_estimation,persistence,raw,r2,0.11998158707424345,0.8092138839779044,-0.955494740648565,0.9266422537549912,0.3388430944580896,-0.8066606666807478,0.8092138839779044,-1.8821369944035562,0.0,-0.5877991592969016,-0.8705200560539438,0.8732753991076522,-2.031136597512855,0.0,-0.6343323509315372
load_estimation,persistence,raw,rmse,1.8827075751536893,1.1289305925616568,0.630307824152761,3.2543033571172257,1.78930010051864,1.2523997510009284,1.1289305925616568,0.0,2.623995532964465,1.1589922763658789,1.9869652620675666,1.7910781832339273,0.0,4.163038173437801,1.8387718380677858
load_estimation,xgboost,raw,mae,1.0384880206101152,0.7163380416257096,0.2734339335193372,1.9286227176586788,0.955113096800569,0.7650540870907782,0.7163380416257096,0.0,1.6551887841393416,0.6816791632812318,2.7979485839370906,2.61978472242199,0.0,6.053340793644717,2.493030599777491
load_estimation,xgboost,raw,mape,33.83952496811823,24.028717152566383,9.063484965162122,65.53745524076776,29.299682292163226,24.77604000295612,24.028717152566383,0.0,56.47397027560564,20.236197327001104,2.7336107576930195,2.651156508222505,0.0,6.2309332991314195,2.232717040386146
load_estimation,xgboost,raw,r2,0.49990633599501605,0.4835573186022078,-0.1456861914111686,0.9685061288962542,0.6410165682281643,-0.4685997929012382,0.48355731860220763,-1.1141923203074229,0.0,-0.3274895606680899,-0.48383771554989746,0.4992816298987057,-1.150423613299379,0.0,-0.3381388624161927
load_estimation,xgboost,raw,rmse,1.3839583079612174,0.9096851057482374,0.4129930382953352,2.490935874744295,1.2863413976542035,0.9709652696658825,0.9096851057482374,0.0,2.07794283644896,0.8733483593588682,2.35104512578136,2.202664503748155,0.0,5.031423398868539,2.114680583875433
