task,model,representation,metric,cohens_d,d_interpretation,cliffs_delta,cliffs_interpretation
load_estimation,persistence,raw,mae,62.01995060801262,large,1.0,large
load_estimation,persistence,raw,rmse,75.86528156983327,large,1.0,large
load_estimation,persistence,raw,mape,30.16342595896735,large,1.0,large
load_estimation,persistence,raw,r2,-36.85895115081864,large,-1.0,large
load_estimation,xgboost,raw,mae,73.68509781598058,large,1.0,large
load_estimation,xgboost,raw,rmse,80.92015237144841,large,1.0,large
load_estimation,xgboost,raw,mape,25.767371501750297,large,1.0,large
load_estimation,xgboost,raw,r2,-40.57113907712174,large,-1.0,large
load_estimation,lstm,raw,mae,68.22828646791004,large,1.0,large
load_estimation,lstm,raw,rmse,66.03590929168158,large,1.0,large
load_estimation,lstm,raw,mape,38.597552985966935,large,1.0,large
load_estimation,lstm,raw,r2,-38.84201314340935,large,-1.0,large
anomaly_detection,isolation_forest,raw,precision,0.0,negligible,0.0,negligible
anomaly_detection,isolation_forest,raw,recall,0.0,negligible,0.0,negligible
anomaly_detection,isolation_forest,raw,f1,0.0,negligible,0.0,negligible
anomaly_detection,isolation_forest,raw,false_positive_rate,0.0,negligible,0.0,negligible
anomaly_detection,isolation_forest,raw,pr_auc,0.0,negligible,0.0,negligible
anomaly_detection,isolation_forest,raw,roc_auc,0.0,negligible,0.0,negligible
anomaly_detection,isolation_forest,raw,detection_latency,0.0,negligible,0.0,negligible
anomaly_detection,isolation_forest,raw,threshold,0.0,negligible,0.0,negligible
anomaly_detection,isolation_forest,residual,precision,0.0,negligible,0.0,negligible
anomaly_detection,isolation_forest,residual,recall,0.0,negligible,0.0,negligible
anomaly_detection,isolation_forest,residual,f1,0.0,negligible,0.0,negligible
anomaly_detection,isolation_forest,residual,false_positive_rate,0.0,negligible,0.0,negligible
anomaly_detection,isolation_forest,residual,pr_auc,-0.8953692778510243,large,-1.0,large
anomaly_detection,isolation_forest,residual,roc_auc,-15.33375692106444,large,-1.0,large
anomaly_detection,isolation_forest,residual,detection_latency,0.0,negligible,0.0,negligible
anomaly_detection,isolation_forest,residual,threshold,0.0,negligible,0.0,negligible
anomaly_detection,lstm_autoencoder,raw,precision,0.0,negligible,0.0,negligible
anomaly_detection,lstm_autoencoder,raw,recall,0.0,negligible,0.0,negligible
anomaly_detection,lstm_autoencoder,raw,f1,0.0,negligible,0.0,negligible
anomaly_detection,lstm_autoencoder,raw,false_positive_rate,0.0,negligible,0.0,negligible
anomaly_detection,lstm_autoencoder,raw,pr_auc,0.0,negligible,0.0,negligible
anomaly_detection,lstm_autoencoder,raw,roc_auc,0.0,negligible,0.0,negligible
anomaly_detection,lstm_autoencoder,raw,detection_latency,0.0,negligible,0.0,negligible
anomaly_detection,lstm_autoencoder,raw,threshold,0.0,negligible,0.0,negligible
anomaly_detection,lstm_autoencoder,residual,precision,-1.3135869850728163,large,-1.0,large
anomaly_detection,lstm_autoencoder,residual,recall,0.0,negligible,0.0,negligible
anomaly_detection,lstm_autoencoder,residual,f1,-1.854748929848377,large,-1.0,large
anomaly_detection,lstm_autoencoder,residual,false_positive_rate,10.560103619501632,large,1.0,large
anomaly_detection,lstm_autoencoder,residual,pr_auc,-1.4607441027963375,large,-1.0,large
anomaly_detection,lstm_autoencoder,residual,roc_auc,-18.50889183948431,large,-1.0,large
anomaly_detection,lstm_autoencoder,residual,detection_latency,0.0,negligible,0.0,negligible
anomaly_detection,lstm_autoencoder,residual,threshold,0.0,negligible,0.0,negligible
