task_comparison,beta_ad,beta_le,delta_beta,ci_low,ci_high,p_value_slope,wilcoxon_stat,p_value_wilcoxon,conclusion,p_adjusted,fdr_significant
AD(LSTM-AE Residual F1) vs LE(persistence MAPE),0.10039289615667225,0.9623872491784032,-0.861994353021731,-1.023851308417308,-0.7650260812970814,1.0,55.0,0.9898768771526146,NOT_SUPPORTED,1.0,False
AD(LSTM-AE Residual F1) vs LE(persistence RMSE),0.10039289615667225,0.8487681597954141,-0.7483752636387418,-0.8884806531930777,-0.6656665277523446,1.0,55.0,0.9898768771526146,NOT_SUPPORTED,1.0,False
AD(LSTM-AE Residual F1) vs LE(persistence MAE),0.10039289615667225,0.9232557968811141,-0.8228629007244419,-0.9735291466369129,-0.7351340934772613,1.0,48.0,0.9945992733536064,NOT_SUPPORTED,1.0,False
AD(LSTM-AE Residual F1) vs LE(xgboost MAPE),0.10039289615667225,1.2574586063016095,-1.1570657101449373,-1.3633744402295287,-1.036537661265336,1.0,55.0,0.9898768771526146,NOT_SUPPORTED,1.0,False
AD(LSTM-AE Residual F1) vs LE(xgboost RMSE),0.10039289615667225,1.0410229873732741,-0.9406300912166019,-1.1135030553937422,-0.8415932624047586,1.0,55.0,0.9898768771526146,NOT_SUPPORTED,1.0,False
AD(LSTM-AE Residual F1) vs LE(xgboost MAE),0.10039289615667225,1.243476284776437,-1.1430833886197647,-1.339182343857549,-1.03109674593794,1.0,48.0,0.9945992733536064,NOT_SUPPORTED,1.0,False
AD(LSTM-AE Residual F1) vs LE(lstm MAPE),0.10039289615667225,1.2151662754381205,-1.1147733792814483,-1.3178352351342162,-0.9983947826038642,1.0,55.0,0.9898768771526146,NOT_SUPPORTED,1.0,False
AD(LSTM-AE Residual F1) vs LE(lstm RMSE),0.10039289615667225,0.9511338577406421,-0.8507409615839698,-1.0188261501788143,-0.7538059437218502,1.0,55.0,0.9898768771526146,NOT_SUPPORTED,1.0,False
AD(LSTM-AE Residual F1) vs LE(lstm MAE),0.10039289615667225,1.201005572128034,-1.1006126759713617,-1.3126681085812728,-0.9811811622388362,1.0,45.0,0.9959332068910904,NOT_SUPPORTED,1.0,False
