task,model,representation,metric,slope_log_dt,r2_log_dt,p_val_log_dt,slope_log_aoi,r2_log_aoi,p_val_log_aoi,factorial_b_dt,factorial_b_pdrop,factorial_b_interact,factorial_p_interact,factorial_r2
load_estimation,persistence,raw,mae,0.9232557968811136,0.9026902767539039,1.305609499447387e-12,1.0101422087306244,0.9005085022006525,1.6680851987561171e-12,0.9284784192778848,0.46733416195694766,-0.05968711310595104,0.9486800633327359,0.9028632754470769
load_estimation,persistence,raw,rmse,0.8487681597954141,0.897108587684183,2.418186564170004e-12,0.9279322693538143,0.8935678062335599,3.514819927677607e-12,0.8505316161208276,0.37120757367664353,-0.020153786576156255,0.9817137672781511,0.8972941583314773
load_estimation,persistence,raw,mape,0.9623872491784028,0.8993400621340542,1.8978075596425403e-12,1.0560420696946222,0.902432569541473,1.3443260786712345e-12,0.9505253077623824,0.14716833753794378,0.13556504475452508,0.8904150024644997,0.8997676869419197
load_estimation,persistence,raw,r2,-0.4135609381121806,0.8959267732222367,2.743524332965339e-12,-0.4558010693201393,0.9069268784615705,7.984299934572203e-13,-0.4097519557713185,-0.01924155372357167,-0.043531226752709276,0.9195957222042623,0.8961048434851855
load_estimation,xgboost,raw,mae,1.2434762847764367,0.8999942746393618,1.7658705497944906e-12,1.3628007505252504,0.9008605384525596,1.604011597263407e-12,1.2379682087385937,0.3035220902740673,0.06294944043249981,0.9604036601885972,0.9001841179342159
load_estimation,xgboost,raw,rmse,1.0410229873732741,0.8923184563463085,3.998803060056846e-12,1.1404926004806002,0.8925083402039311,3.9215385628177055e-12,1.0381029300358937,0.25054018338223044,0.03337208385578222,0.9759403334358017,0.8924549881462925
load_estimation,xgboost,raw,mape,1.257458606301609,0.8986955788029757,2.0364927360900907e-12,1.3820735668651396,0.9047230061226232,1.033996143179322e-12,1.2384264116170816,0.017764959615868926,0.2175107963946036,0.8661516214073648,0.8991011480846485
load_estimation,xgboost,raw,r2,-0.23649205164152806,0.896267949485371,2.645739229136125e-12,-0.2611435089008001,0.9107335623982822,5.033989741853482e-13,-0.2335756078540657,0.011126445628242557,-0.03333078614242857,0.8922806454193517,0.8964860334109082
load_estimation,lstm,raw,mae,1.201005572128034,0.876205988594584,1.8692391186139412e-11,1.3114836184118985,0.8707029489994332,3.0247166911377406e-11,1.2082568760656374,0.4901410102116063,-0.08287204500118148,0.9521733691563785,0.876297770133393
load_estimation,lstm,raw,rmse,0.951133857740642,0.8649748376090968,4.887324025108738e-11,1.0386129356810867,0.8595195271575764,7.577567997712597e-11,0.9549660639447417,0.31405899798386866,-0.04379664233256414,0.9696288765091534,0.8650417167728557
load_estimation,lstm,raw,mape,1.21516627543812,0.8940796524304738,3.3324242680191996e-12,1.333901955355402,0.8978023049386428,2.243979620522014e-12,1.23739754078978,0.6397956517168903,-0.25407160401897233,0.8426498969725424,0.8942934036839126
load_estimation,lstm,raw,r2,-0.21203951041405994,0.8718280044536825,2.7458713812721765e-11,-0.23319707546667923,0.8787625313661052,1.483884913240104e-11,-0.21257871625752436,-0.05070781175243488,0.006162352496734476,0.9802467510378718,0.8718663998922961
anomaly_detection,isolation_forest,raw,precision,0.0,,,0.0,,,0.0,0.0,0.0,1.0,0.0
anomaly_detection,isolation_forest,raw,recall,0.0,,,0.0,,,0.0,0.0,0.0,1.0,0.0
anomaly_detection,isolation_forest,raw,f1,0.0,,,0.0,,,0.0,0.0,0.0,1.0,0.0
anomaly_detection,isolation_forest,raw,false_positive_rate,0.0,,,0.0,,,0.0,0.0,0.0,1.0,0.0
anomaly_detection,isolation_forest,raw,pr_auc,0.0,,,0.0,,,0.0,0.0,0.0,1.0,0.0
anomaly_detection,isolation_forest,raw,roc_auc,0.0,,,0.0,,,0.0,0.0,0.0,1.0,0.0
anomaly_detection,isolation_forest,raw,detection_latency,0.0,,,0.0,,,0.0,0.0,0.0,1.0,0.0
anomaly_detection,isolation_forest,raw,threshold,0.0,,,0.0,,,0.0,0.0,0.0,1.0,0.0
anomaly_detection,isolation_forest,residual,precision,0.0,,,0.0,,,0.0,0.0,0.0,1.0,0.0
anomaly_detection,isolation_forest,residual,recall,0.0,,,0.0,,,0.0,0.0,0.0,1.0,0.0
anomaly_detection,isolation_forest,residual,f1,0.0,,,0.0,,,0.0,0.0,0.0,1.0,0.0
anomaly_detection,isolation_forest,residual,false_positive_rate,0.0,,,0.0,,,0.0,0.0,0.0,1.0,0.0
anomaly_detection,isolation_forest,residual,pr_auc,0.06801025978584281,0.2562476300635049,0.011604104743532956,0.07323766653159436,0.2476327550580241,0.013347735320713853,0.130009723504312,3.0689484128922015,-0.7085652996396473,0.018232392126336316,0.5397706723011357
anomaly_detection,isolation_forest,residual,roc_auc,0.08191976599920428,0.6918602346488005,4.7235394180004477e-07,0.08687416564969547,0.6484109782852525,2.074471469573817e-06,0.08708314668801057,0.5802603856564102,-0.05901006501492885,0.711347605670881,0.7213068605765462
anomaly_detection,isolation_forest,residual,detection_latency,0.0,,,0.0,,,0.0,0.0,0.0,1.0,0.0
anomaly_detection,isolation_forest,residual,threshold,0.0,,,0.0,,,0.0,0.0,0.0,1.0,0.0
anomaly_detection,lstm_autoencoder,raw,precision,0.0,,,0.0,,,0.0,0.0,0.0,1.0,0.0
anomaly_detection,lstm_autoencoder,raw,recall,0.0,,,0.0,,,0.0,0.0,0.0,1.0,0.0
anomaly_detection,lstm_autoencoder,raw,f1,0.0,,,0.0,,,0.0,0.0,0.0,1.0,0.0
anomaly_detection,lstm_autoencoder,raw,false_positive_rate,0.0,,,0.0,,,0.0,0.0,0.0,1.0,0.0
anomaly_detection,lstm_autoencoder,raw,pr_auc,0.0,,,0.0,,,0.0,0.0,0.0,1.0,0.0
anomaly_detection,lstm_autoencoder,raw,roc_auc,0.0,,,0.0,,,0.0,0.0,0.0,1.0,0.0
anomaly_detection,lstm_autoencoder,raw,detection_latency,0.0,,,0.0,,,0.0,0.0,0.0,1.0,0.0
anomaly_detection,lstm_autoencoder,raw,threshold,0.0,,,0.0,,,0.0,0.0,0.0,1.0,0.0
anomaly_detection,lstm_autoencoder,residual,precision,0.08681953062620185,0.37677153941769825,0.0014211629547515887,0.09267591732567233,0.35777098103608324,0.0020201542926302635,0.1465502786738277,2.9222178190460406,-0.6826371205442952,0.019079096260853357,0.6081848313775405
anomaly_detection,lstm_autoencoder,residual,recall,0.0,,,0.0,,,0.0,0.0,0.0,1.0,0.0
anomaly_detection,lstm_autoencoder,residual,f1,0.10039289615667227,0.47459406613410066,0.00019716096213710237,0.10660912432393785,0.44599828892093346,0.000362634326624978,0.15224403178392548,2.5371636871049232,-0.5925844071686086,0.036753136180800894,0.6389353184361333
anomaly_detection,lstm_autoencoder,residual,false_positive_rate,79.86234572220246,0.7254622807676994,1.298650790530479e-07,84.50130531994789,0.676839429028666,8.051477789444788e-07,87.45274225900138,374.9121283706538,-86.74738899198705,0.5595549020287125,0.7341458037593456
anomaly_detection,lstm_autoencoder,residual,pr_auc,0.08711008064753387,0.4211888699101009,0.0006015027498541083,0.09304952485564223,0.4004944266138728,0.0009041140894326049,0.13906353801481083,2.592269427512574,-0.5937537984831656,0.027003316558156687,0.6242157281565358
anomaly_detection,lstm_autoencoder,residual,roc_auc,0.07417713570585065,0.773020213731816,1.5573490619145652e-08,0.07914222847370003,0.7333231308938868,9.388991452019286e-08,0.07660867020324659,0.32311362878812183,-0.027788965684525074,0.8160260259748346,0.7864891403162471
anomaly_detection,lstm_autoencoder,residual,detection_latency,0.0,,,0.0,,,0.0,0.0,0.0,1.0,0.0
anomaly_detection,lstm_autoencoder,residual,threshold,0.0,,,0.0,,,0.0,0.0,0.0,1.0,0.0
