claim_id,exact_text,numerical_value,unit,source_artifact,source_phase,evidence_type,tolerance,verified_value,status,manuscript_location
C01,Baseline Residual + LSTM-AE test F1 score under ideal synchronization,0.977956,F1 score,experiments/runs/E4_RAW_VS_RESIDUAL_SEED42_20260930/metrics.json,Phase 7 (E4),Empirical Test Evaluation,0.0001,0.977956,PASS,"Abstract, Sec. IV-A, Table II"
C02,Baseline Raw + LSTM-AE test F1 score under ideal synchronization,0.538606,F1 score,experiments/runs/E4_RAW_VS_RESIDUAL_SEED42_20260930/metrics.json,Phase 7 (E4),Empirical Test Evaluation,0.0001,0.538606,PASS,"Sec. IV-A, Table II"
C03,Baseline Raw + Isolation Forest test F1 score under ideal synchronization,0.117647,F1 score,experiments/runs/E4_RAW_VS_RESIDUAL_SEED42_20260930/metrics.json,Phase 7 (E4),Empirical Test Evaluation,0.0001,0.117647,PASS,"Sec. IV-A, Table II"
C04,Baseline Residual + Isolation Forest test F1 score under ideal synchronization,0.088727,F1 score,experiments/runs/E4_RAW_VS_RESIDUAL_SEED42_20260930/metrics.json,Phase 7 (E4),Empirical Test Evaluation,0.0001,0.088727,PASS,"Sec. IV-A, Table II"
C05,H3 multi-seed aggregate normalized log-linear slope difference Delta-beta,-1.223646,Slope diff,experiments/runs/E10_MULTI_SEED_ANALYSIS_20261002/multiseed_h3_summary.csv,Phase 10 (E10),Statistical Estimation,0.0001,-1.223646,PASS,"Abstract, Sec. IV-C, Table IV, Eq. (6)"
C06,H3 multi-seed aggregate 95% bootstrap confidence interval lower bound,-1.346260,Slope diff,experiments/runs/E10_MULTI_SEED_ANALYSIS_20261002/multiseed_h3_summary.csv,Phase 10 (E10),Bootstrap CI,0.0001,-1.346260,PASS,"Abstract, Sec. IV-C, Table IV, Eq. (6)"
C07,H3 multi-seed aggregate 95% bootstrap confidence interval upper bound,-1.113412,Slope diff,experiments/runs/E10_MULTI_SEED_ANALYSIS_20261002/multiseed_h3_summary.csv,Phase 10 (E10),Bootstrap CI,0.0001,-1.113412,PASS,"Abstract, Sec. IV-C, Table IV, Eq. (6)"
C08,H3 multi-seed aggregate slope hypothesis test p-value,1.000,p-value,experiments/runs/E10_MULTI_SEED_ANALYSIS_20261002/multiseed_h3_summary.csv,Phase 10 (E10),Hypothesis Test,0.0001,1.000,PASS,"Abstract, Sec. IV-C, Eq. (6)"
C09,H3 formal hypothesis decision across seeds and multi-seed aggregate,NOT_SUPPORTED,Categorical,experiments/runs/E10_MULTI_SEED_ANALYSIS_20261002/multiseed_h3_summary.csv,Phase 10 (E10),Formal Decision,Exact,NOT_SUPPORTED,PASS,"Abstract, Sec. IV-C, Sec. V-A"
C10,Factorial synchronization conditions count (6 staleness x 4 drop rates),24,Conditions,experiments/runs/E5_STALENESS_SWEEP_CORRECTED_SEED42_20260930/comparison.csv,Phase 8 (E5),Experimental Design Count,Exact,24,PASS,"Sec. III-C, Table I"
C11,Phase 10 E10 total evaluated seed-condition pairs (5 seeds x 24 conditions),120,Runs,experiments/runs/E10_MULTI_SEED_ANALYSIS_20261002/seed_results.csv,Phase 10 (E10),Experimental Design Count,Exact,120,PASS,"Sec. I, Sec. III-C, Sec. VI"
C12,Controlled ablation evaluations count across A1-A8,88,Evaluations,experiments/runs/E11_PHASE11_20261002/table_02_ablation_results.csv,Phase 11 (E11),Experimental Design Count,Exact,88,PASS,"Sec. IV-D, Table V"
C13,Micro instantaneous residual-divergence change point AoI (first departure from noise floor),0.0,Seconds,experiments/runs/E11_PHASE11_20261002/table_04_change_point_analysis.csv,Phase 11 (E11),Change Point Estimation,0.0001,0.0,PASS,Sec. IV-E
C14,Macro empirical transition cliff AoI* in-bin discrete drop on IEEE 33-bus benchmark,5.0,Seconds,experiments/runs/E11_PHASE11_20261002/summary.md,Phase 11 (E11),Empirical In-Bin Drop,0.1,"5.0 (Coarse bin); Refined to 3.2s in E16, and [2.4s, 4.1s] cross-feeder in E17/E18",WARNING,Sec. IV-E (Demarcated as coarse historical discrete bin; superseded by C20)
C15,Baseline LSTM load estimation test MAPE under ideal synchronization,8.9504,Percentage,experiments/runs/E5_STALENESS_SWEEP_CORRECTED_SEED42_20260930/comparison.csv,Phase 8 (E5),Empirical Evaluation,0.001,8.9504,PASS,Table III
C16,Baseline XGBoost load estimation test MAPE under ideal synchronization,9.0635,Percentage,experiments/runs/E5_STALENESS_SWEEP_CORRECTED_SEED42_20260930/comparison.csv,Phase 8 (E5),Empirical Evaluation,0.001,9.0635,PASS,Table III
C17,Baseline Persistence load estimation test MAPE under ideal synchronization,14.7321,Percentage,experiments/runs/E5_STALENESS_SWEEP_CORRECTED_SEED42_20260930/comparison.csv,Phase 8 (E5),Empirical Evaluation,0.001,14.7321,PASS,Table III
C18,Total audited transient timesteps across active staleness epochs in Phase 11,73584,Timesteps,experiments/runs/E11_PHASE11_20261002/summary.md,Phase 11 (E11),Dataset Verification,Exact,73584,PASS,Sec. IV-E
C19,"Leave-One-Feeder-Out cross-topology evaluation demonstrates representation inversion on 100% of tested radial distribution feeders (IEEE 13, 33, 123 bus)",100%,Replication rate,experiments/runs/E18_FINAL_REVIEW_HARDENING_20261006/tables/table_14_lofo_transfer.csv,Phase 18 (E18),Cross-Topology Generalization,Exact,100% (3/3 Feeders),PASS,"Sec. IV-F, Supplementary Table S3"
C20,"The operational transition cliff scales with feeder electrical impedance depth: 4.1s (13-bus) -> 3.2s (33-bus) -> 2.4s (123-bus), spanning [2.4s, 4.1s]","[2.4s, 4.1s]",Seconds envelope,experiments/runs/E17_EXTERNAL_VALIDATION_20261006/results/transition_cliff_cross_feeder.csv,Phase 17 (E17),Parametric Sweep & Bootstrap,Exact range,"[2.4s, 4.1s] (13: 4.1s, 33: 3.2s, 123: 2.4s)",PASS,"Abstract, Sec. IV-F, Sec. V-C, Supplementary Table S2"
C21,"Hypothesis H3 falsification is robust across 8 distinct mathematical formulations (including bounded [0,1] relative losses and scale-invariant metrics)",100%,Formulation consistency,experiments/runs/E17_EXTERNAL_VALIDATION_20261006/results/h3_adversarial_analysis.csv,Phase 17 (E17),Adversarial Robustness Analysis,Exact,100% (8/8 Formulations Delta-beta < 0),PASS,"Sec. IV-C, Sec. V-B, Supplementary Table S6"
C22,Combined 10-seed expansion confirms 100% negative sign consistency for Delta-beta without exception,100%,Seed consistency,experiments/runs/E17_EXTERNAL_VALIDATION_20261006/results/seed_slopes_10seeds.csv,Phase 17 (E17),Multi-Seed Replication,Exact,100% (10/10 Seeds negative),PASS,"Sec. IV-C, Supplementary Table S1"
C23,"Physics residual arithmetic and AoI-adaptive threshold evaluation exhibit sub-microsecond latency (<0.002 ms per sample), enabling over 500,000 samples/sec online throughput",< 0.002,Milliseconds,experiments/runs/E18_FINAL_REVIEW_HARDENING_20261006/tables/table_15_computational_complexity.csv,Phase 18 (E18),Hardware Microbenchmark,Upper bound,0.00169 ms total residual+threshold (< 0.002 ms),PASS,"Sec. IV-G, Supplementary Table S5"
C24,AoI-adaptive dynamic thresholding maintains false alarm rate <= 5.1% across transition zone and order-of-magnitude variation in gamma,<= 5.1%,FPR percentage,experiments/runs/E17_EXTERNAL_VALIDATION_20261006/results/threshold_sensitivity.csv,Phase 17 (E17),Parametric Sensitivity,Upper bound,"4.4% baseline, max 5.1% across gamma in [0.01, 0.50]",PASS,"Sec. IV-D, Supplementary Table S4"
