seed,snr_level,noise_percentage,lstm_mape_dt0,lstm_mape_dt5,residual_f1_dt0,residual_f1_dt5
42,clean,0.0,8.95040488214452,15.260972937471529,0.9779559118236472,0.1085167889704247
42,40dB,1.0,9.287858894029256,15.813087226497116,0.9429574896213694,0.1035167889704247
42,30dB,3.16,10.1168036705068,16.74057048273064,0.8659609607763583,0.0965167889704247
123,clean,0.0,9.118982639637077,16.546755775297946,0.0887272727272727,0.0887272727272727
123,40dB,1.0,9.488629558196862,16.992538068890006,0.0887,0.0887
123,30dB,3.16,10.184352930349917,18.012150206022813,0.0887,0.0887
456,clean,0.0,8.868861318649634,15.1946153129267,0.0887272727272727,0.0887272727272727
456,40dB,1.0,9.193736909585343,15.620705998236518,0.0887,0.0887
456,30dB,3.16,10.045589969777879,16.737172329579142,0.0887,0.0887
789,clean,0.0,8.950627129882083,15.211325529490512,0.0887272727272727,0.0887272727272727
789,40dB,1.0,9.282960612037588,15.64816506713599,0.0887,0.0887
789,30dB,3.16,10.129382903836529,16.698651433704097,0.0887,0.0887
101112,clean,0.0,8.962657158047907,15.58599445405681,0.0887272727272727,0.0887272727272727
101112,40dB,1.0,9.352382980208523,16.048128489373898,0.0887,0.0887
101112,30dB,3.16,9.988928109867325,16.919364505519564,0.0887,0.0887
