seed,condition_id,method,mean_threshold,precision,recall,f1,fpr,pr_auc,roc_auc
42,E5_DT0_PD00_SEED42,aoi_adaptive,0.00038167854654602706,0.4053156146179402,1.0,0.5768321513002365,0.07142857142857142,1.0,1.0
42,E5_DT0_PD05_SEED42,aoi_adaptive,0.03676894121073843,0.28705882352941176,1.0,0.4460694698354662,0.1209098164405427,0.5376666463048472,0.9736051509164889
42,E5_DT0_PD10_SEED42,aoi_adaptive,0.07248412070774189,0.2265552460538533,1.0,0.36941710825132473,0.16620111731843576,0.40012096524576646,0.9503086036136223
42,E5_DT0_PD20_SEED42,aoi_adaptive,0.15097756741620852,0.15864759427828348,1.0,0.2738496071829405,0.2581803671189146,0.28254352622472884,0.9034571127654284
42,E5_DT1_PD00_SEED42,aoi_adaptive,0.00038167854654602706,0.4053156146179402,1.0,0.5768321513002365,0.07142857142857142,1.0,1.0
42,E5_DT1_PD05_SEED42,aoi_adaptive,0.03676894121073843,0.28705882352941176,1.0,0.4460694698354662,0.1209098164405427,0.5376666463048472,0.9736051509164889
42,E5_DT1_PD10_SEED42,aoi_adaptive,0.07248412070774189,0.2265552460538533,1.0,0.36941710825132473,0.16620111731843576,0.40012096524576646,0.9503086036136223
42,E5_DT1_PD20_SEED42,aoi_adaptive,0.15097756741620852,0.15864759427828348,1.0,0.2738496071829405,0.2581803671189146,0.28254352622472884,0.9034571127654284
42,E5_DT5_PD00_SEED42,aoi_adaptive,0.8352593534617483,0.05769685504847482,1.0,0.10909903867650346,0.7950917797286512,0.12111277119588243,0.7027044928237803
42,E5_DT5_PD05_SEED42,aoi_adaptive,0.842367499286418,0.05733836715431807,0.9959016393442623,0.10843373493975904,0.7970869912210694,0.1184531707699063,0.6862946960082686
42,E5_DT5_PD10_SEED42,aoi_adaptive,0.8502568434086619,0.05737126734070068,1.0,0.10851678897042473,0.7998802873104549,0.12155734942939285,0.708000798084597
42,E5_DT5_PD20_SEED42,aoi_adaptive,0.8675964890044325,0.057156242679784496,1.0,0.1081320629293153,0.803072625698324,0.13255773000984006,0.7048199076315205
42,E5_DT15_PD00_SEED42,aoi_adaptive,1.6579295080194718,0.051157894736842104,0.9959016393442623,0.09731678013616339,0.8992418196328811,0.10823751320936684,0.6298899035756806
42,E5_DT15_PD05_SEED42,aoi_adaptive,1.6604319875966802,0.051157894736842104,0.9959016393442623,0.09731678013616339,0.8992418196328811,0.131094009673982,0.6602841704499366
42,E5_DT15_PD10_SEED42,aoi_adaptive,1.6661694512848533,0.051157894736842104,0.9959016393442623,0.09731678013616339,0.8992418196328811,0.11804507407176472,0.6508821451467297
42,E5_DT15_PD20_SEED42,aoi_adaptive,1.6722315771009126,0.05131440588853838,1.0,0.09761952390478096,0.9000399042298484,0.109042090768292,0.6301761019454948
42,E5_DT60_PD00_SEED42,aoi_adaptive,3.46709707209263,0.05181567211722234,1.0,0.09852614577024026,0.8908619313647247,0.11245175632851064,0.5907510499391624
42,E5_DT60_PD05_SEED42,aoi_adaptive,3.4573115767363674,0.051222104144527096,0.9877049180327869,0.09739341281066882,0.8906624102154829,0.09201945553953544,0.5525762759541035
42,E5_DT60_PD10_SEED42,aoi_adaptive,3.470463787973045,0.05023022185014651,0.9836065573770492,0.0955794504181601,0.9054269752593775,0.10637974737336808,0.5708439090445226
42,E5_DT60_PD20_SEED42,aoi_adaptive,3.46638892955639,0.05059586033869956,0.9918032786885246,0.0962800875273523,0.906025538707103,0.08085240537856048,0.5312667630473747
42,E5_DT300_PD00_SEED42,aoi_adaptive,7.843205981349096,0.0510965935604293,0.8975409836065574,0.09668874172185431,0.8114525139664804,0.09487344926193857,0.6196063872934466
42,E5_DT300_PD05_SEED42,aoi_adaptive,7.8399069135280275,0.05124555160142349,0.8852459016393442,0.09688270912760709,0.7978850758180367,0.09136221447418692,0.5848218374262426
42,E5_DT300_PD10_SEED42,aoi_adaptive,7.835436058613541,0.05249589875790954,0.9180327868852459,0.09931279095544225,0.8066640063846767,0.11386212665920788,0.6025358810984783
42,E5_DT300_PD20_SEED42,aoi_adaptive,7.8226309257927795,0.05115393766357364,0.8811475409836066,0.09669440071958624,0.7956903431763767,0.08409144620361286,0.5492432915102116
123,E5_DT0_PD00_SEED123,aoi_adaptive,47.89941883087158,0.1634980988593156,0.1762295081967213,0.16962524654832348,0.04389465283320032,0.13494659911828646,0.7479148404484972
123,E5_DT0_PD05_SEED123,aoi_adaptive,47.97313833143613,0.16475095785440613,0.1762295081967213,0.1702970297029703,0.04349561053471668,0.1340105468346065,0.7473448968377534
123,E5_DT0_PD10_SEED123,aoi_adaptive,48.04900298716982,0.16535433070866143,0.1721311475409836,0.1686746987951807,0.04229848363926576,0.1337408249947546,0.7471756309447489
123,E5_DT0_PD20_SEED123,aoi_adaptive,48.200246163384875,0.16205533596837945,0.1680327868852459,0.16498993963782696,0.04229848363926576,0.13086889667811574,0.7393558737718001
123,E5_DT1_PD00_SEED123,aoi_adaptive,47.89941883087158,0.1634980988593156,0.1762295081967213,0.16962524654832348,0.04389465283320032,0.13494659911828646,0.7479148404484972
123,E5_DT1_PD05_SEED123,aoi_adaptive,47.97313833143613,0.16475095785440613,0.1762295081967213,0.1702970297029703,0.04349561053471668,0.1340105468346065,0.7473448968377534
123,E5_DT1_PD10_SEED123,aoi_adaptive,48.04900298716982,0.16535433070866143,0.1721311475409836,0.1686746987951807,0.04229848363926576,0.1337408249947546,0.7471756309447489
123,E5_DT1_PD20_SEED123,aoi_adaptive,48.200246163384875,0.16205533596837945,0.1680327868852459,0.16498993963782696,0.04229848363926576,0.13086889667811574,0.7393558737718001
123,E5_DT5_PD00_SEED123,aoi_adaptive,49.577913371771515,0.1506849315068493,0.18032786885245902,0.16417910447761194,0.04948124501197127,0.12495432854986799,0.6992562113223347
123,E5_DT5_PD05_SEED123,aoi_adaptive,49.592580587682285,0.14925373134328357,0.16393442622950818,0.15625,0.04549082202713488,0.13650383676629185,0.7109568183899624
123,E5_DT5_PD10_SEED123,aoi_adaptive,49.60668285189322,0.17254901960784313,0.18032786885245902,0.17635270541082165,0.04209896249002394,0.13208938216679464,0.6781699331440608
123,E5_DT5_PD20_SEED123,aoi_adaptive,49.647157087834614,0.17725752508361203,0.21721311475409835,0.19521178637200737,0.04908220271348763,0.1297321587836706,0.7126200397733963
123,E5_DT15_PD00_SEED123,aoi_adaptive,51.23186508814325,0.06834170854271357,0.2786885245901639,0.10976594027441484,0.1849561053471668,0.10254538812979319,0.6250948543168527
123,E5_DT15_PD05_SEED123,aoi_adaptive,51.23824822238318,0.07372400756143667,0.319672131147541,0.11981566820276497,0.19553072625698323,0.11164288167960965,0.6643702654612538
123,E5_DT15_PD10_SEED123,aoi_adaptive,51.245959763300334,0.06959008579599618,0.29918032786885246,0.11291569992266048,0.19473264166001597,0.10164145860650815,0.6325482775764395
123,E5_DT15_PD20_SEED123,aoi_adaptive,51.26442606265754,0.07845084409136048,0.3237704918032787,0.12629896083133493,0.18515562649640863,0.11814231170354975,0.6502034461554564
123,E5_DT60_PD00_SEED123,aoi_adaptive,54.86913791398382,0.05232558139534884,0.36885245901639346,0.09164969450101833,0.325219473264166,0.1097757222509049,0.5908058364842411
123,E5_DT60_PD05_SEED123,aoi_adaptive,54.850713635943016,0.05196304849884527,0.36885245901639346,0.09109311740890688,0.32761372705506786,0.09967125641382224,0.5776497062787016
123,E5_DT60_PD10_SEED123,aoi_adaptive,54.874413948130005,0.05864751645721125,0.4016393442622951,0.10234986945169713,0.3138467677573823,0.11836364664352517,0.5998971321287925
123,E5_DT60_PD20_SEED123,aoi_adaptive,54.87628545783484,0.06099815157116451,0.4057377049180328,0.10605249062667381,0.3040702314445331,0.10885166566567506,0.6086511225517774
123,E5_DT300_PD00_SEED123,aoi_adaptive,63.66716322387918,0.06005665722379604,0.4344262295081967,0.1055251368840219,0.33100558659217877,0.08645786250278426,0.5768581633587586
123,E5_DT300_PD05_SEED123,aoi_adaptive,63.65549221005639,0.05089605734767025,0.29098360655737704,0.08663819402074435,0.2641660015961692,0.10010556829817188,0.5889283751782608
123,E5_DT300_PD10_SEED123,aoi_adaptive,63.6486853806161,0.05401755570560432,0.32786885245901637,0.0927536231884058,0.2795291300877893,0.11236388154103111,0.5711309251239648
123,E5_DT300_PD20_SEED123,aoi_adaptive,63.635043639274635,0.052105638829407566,0.29918032786885246,0.08875379939209727,0.2649640861931365,0.09077298850164736,0.5602774652309866
456,E5_DT0_PD00_SEED456,aoi_adaptive,53.60526943206787,0.16730038022813687,0.18032786885245902,0.17357001972386588,0.0436951316839585,0.12760736558434033,0.7428769314301413
456,E5_DT0_PD05_SEED456,aoi_adaptive,53.68521458640205,0.16153846153846155,0.1721311475409836,0.16666666666666666,0.04349561053471668,0.12571397608593582,0.7385070911778944
456,E5_DT0_PD10_SEED456,aoi_adaptive,53.76549514017127,0.16279069767441862,0.1721311475409836,0.16733067729083664,0.04309656823623304,0.12382547916847404,0.7339867923540879
456,E5_DT0_PD20_SEED456,aoi_adaptive,53.93470958263352,0.16412213740458015,0.1762295081967213,0.16996047430830039,0.0436951316839585,0.12278027437958479,0.7291304148731569
456,E5_DT1_PD00_SEED456,aoi_adaptive,53.60526943206787,0.16730038022813687,0.18032786885245902,0.17357001972386588,0.0436951316839585,0.12760736558434033,0.7428769314301413
456,E5_DT1_PD05_SEED456,aoi_adaptive,53.68521458640205,0.16153846153846155,0.1721311475409836,0.16666666666666666,0.04349561053471668,0.12571397608593582,0.7385070911778944
456,E5_DT1_PD10_SEED456,aoi_adaptive,53.76549514017127,0.16279069767441862,0.1721311475409836,0.16733067729083664,0.04309656823623304,0.12382547916847404,0.7339867923540879
456,E5_DT1_PD20_SEED456,aoi_adaptive,53.93470958263352,0.16412213740458015,0.1762295081967213,0.16996047430830039,0.0436951316839585,0.12278027437958479,0.7291304148731569
456,E5_DT5_PD00_SEED456,aoi_adaptive,55.43084275552619,0.1387900355871886,0.1598360655737705,0.14857142857142858,0.04828411811652035,0.10575546394639121,0.68359870736462
456,E5_DT5_PD05_SEED456,aoi_adaptive,55.44739897905515,0.1634980988593156,0.1762295081967213,0.16962524654832348,0.04389465283320032,0.1199567111772871,0.7096149568903484
456,E5_DT5_PD10_SEED456,aoi_adaptive,55.45965558140865,0.1891891891891892,0.20081967213114754,0.19483101391650098,0.04189944134078212,0.14753636487574562,0.7102748485601769
456,E5_DT5_PD20_SEED456,aoi_adaptive,55.50118883769862,0.1638655462184874,0.1598360655737705,0.16182572614107885,0.039704708699122106,0.12443673001457439,0.701885147776484
456,E5_DT15_PD00_SEED456,aoi_adaptive,57.22972267924489,0.0669500531349628,0.2581967213114754,0.10632911392405063,0.17517956903431764,0.09587404547125497,0.5949099211073751
456,E5_DT15_PD05_SEED456,aoi_adaptive,57.23619164818066,0.08465608465608465,0.32786885245901637,0.1345668629100084,0.172585794094174,0.1218846419325943,0.6510031661716797
456,E5_DT15_PD10_SEED456,aoi_adaptive,57.24720414144224,0.08406113537117904,0.3155737704918033,0.13275862068965516,0.16739824421388666,0.09697551085442208,0.6390711472793165
456,E5_DT15_PD20_SEED456,aoi_adaptive,57.26403149927778,0.08287895310796074,0.3114754098360656,0.13092161929371232,0.1677972865123703,0.12026034400119041,0.6343153480826345
456,E5_DT60_PD00_SEED456,aoi_adaptive,61.18571304989823,0.05825864276568502,0.3729508196721312,0.10077519379844961,0.2934956105347167,0.11181632911665534,0.5960113759763452
456,E5_DT60_PD05_SEED456,aoi_adaptive,61.16269924251305,0.04950495049504951,0.3073770491803279,0.08527572484366117,0.28731045490822027,0.07940875282321862,0.5398690683343581
456,E5_DT60_PD10_SEED456,aoi_adaptive,61.1782565682701,0.059254327563249,0.36475409836065575,0.10194730813287514,0.28192338387869115,0.08611181879511257,0.5904231483783182
456,E5_DT60_PD20_SEED456,aoi_adaptive,61.189429486089466,0.059691482226693494,0.36475409836065575,0.10259365994236311,0.2797286512370311,0.11294036014600799,0.6090587508013554
456,E5_DT300_PD00_SEED456,aoi_adaptive,70.75466898838141,0.07332854061826025,0.4180327868852459,0.12477064220183487,0.2571827613727055,0.10271875185074812,0.6340414153572409
456,E5_DT300_PD05_SEED456,aoi_adaptive,70.75161907395999,0.05870020964360587,0.3442622950819672,0.10029850746268656,0.26875498802873105,0.08943479201463463,0.576866340455039
456,E5_DT300_PD10_SEED456,aoi_adaptive,70.74620693213478,0.05279034690799397,0.28688524590163933,0.08917197452229299,0.25059856344772546,0.08725746490746805,0.5578644041186398
456,E5_DT300_PD20_SEED456,aoi_adaptive,70.7181379206574,0.05067350865939705,0.3237704918032787,0.08763172490293955,0.29529130087789307,0.1059887162410301,0.5502425326756767
789,E5_DT0_PD00_SEED789,aoi_adaptive,53.74277114868164,0.1596958174904943,0.1721311475409836,0.16568047337278108,0.04409417398244214,0.12041478618920932,0.7175696361519239
789,E5_DT0_PD05_SEED789,aoi_adaptive,53.816193334333086,0.16153846153846155,0.1721311475409836,0.16666666666666666,0.04349561053471668,0.1214463088435935,0.7180103816414376
789,E5_DT0_PD10_SEED789,aoi_adaptive,53.8979835408033,0.16666666666666666,0.1762295081967213,0.17131474103585656,0.04289704708699122,0.12300575258635997,0.7207071879947144
789,E5_DT0_PD20_SEED789,aoi_adaptive,54.06387372215658,0.1646586345381526,0.1680327868852459,0.1663286004056795,0.041500399042298484,0.12417822047640235,0.720396458336059
789,E5_DT1_PD00_SEED789,aoi_adaptive,53.74277114868164,0.1596958174904943,0.1721311475409836,0.16568047337278108,0.04409417398244214,0.12041478618920932,0.7175696361519239
789,E5_DT1_PD05_SEED789,aoi_adaptive,53.816193334333086,0.16153846153846155,0.1721311475409836,0.16666666666666666,0.04349561053471668,0.1214463088435935,0.7180103816414376
789,E5_DT1_PD10_SEED789,aoi_adaptive,53.8979835408033,0.16666666666666666,0.1762295081967213,0.17131474103585656,0.04289704708699122,0.12300575258635997,0.7207071879947144
789,E5_DT1_PD20_SEED789,aoi_adaptive,54.06387372215658,0.1646586345381526,0.1680327868852459,0.1663286004056795,0.041500399042298484,0.12417822047640235,0.720396458336059
789,E5_DT5_PD00_SEED789,aoi_adaptive,55.54825595172407,0.17293233082706766,0.1885245901639344,0.1803921568627451,0.04389465283320032,0.12483927889783868,0.6929745659597295
789,E5_DT5_PD05_SEED789,aoi_adaptive,55.569002973523084,0.15719063545150502,0.19262295081967212,0.1731123388581952,0.05027932960893855,0.11511559359065375,0.6891076171287271
789,E5_DT5_PD10_SEED789,aoi_adaptive,55.58736343423467,0.15845070422535212,0.18442622950819673,0.17045454545454544,0.04768555466879489,0.1254996606952853,0.6934308479321759
789,E5_DT5_PD20_SEED789,aoi_adaptive,55.627356444564505,0.14028776978417265,0.1598360655737705,0.14942528735632185,0.04768555466879489,0.11068494461907166,0.6825209660748629
789,E5_DT15_PD00_SEED789,aoi_adaptive,57.32734108790453,0.07741935483870968,0.29508196721311475,0.12265758091993186,0.17118914604948124,0.10706241350473805,0.619798549056036
789,E5_DT15_PD05_SEED789,aoi_adaptive,57.333800140348,0.086,0.3524590163934426,0.1382636655948553,0.18236233040702315,0.1063836964241318,0.6378887391571703
789,E5_DT15_PD10_SEED789,aoi_adaptive,57.34441495938195,0.07150964812712826,0.2581967213114754,0.112,0.16320830007980847,0.1291250708558773,0.6280950309421323
789,E5_DT15_PD20_SEED789,aoi_adaptive,57.3588096167295,0.084070796460177,0.3114754098360656,0.13240418118466898,0.16520351157222665,0.10326528597097875,0.6437926026716208
789,E5_DT60_PD00_SEED789,aoi_adaptive,61.239799932157545,0.05489706799750468,0.36065573770491804,0.09528965890633459,0.30227454110135676,0.11644193392287519,0.5821446561040389
789,E5_DT60_PD05_SEED789,aoi_adaptive,61.2222923079266,0.061237373737373736,0.3975409836065574,0.1061269146608315,0.2966879489225858,0.11641526556980329,0.5926661258880327
789,E5_DT60_PD10_SEED789,aoi_adaptive,61.23192787016335,0.0696245733788396,0.4180327868852459,0.11936805149210064,0.27194732641660013,0.09800488497186224,0.5804176533696178
789,E5_DT60_PD20_SEED789,aoi_adaptive,61.23570434732659,0.06120996441281139,0.3524590163934426,0.10430563978168587,0.2631683958499601,0.1060853905841079,0.5709436696191436
789,E5_DT300_PD00_SEED789,aoi_adaptive,70.70345954303845,0.07220708446866485,0.4344262295081967,0.12383177570093458,0.27174780526735837,0.10652148551100521,0.618761693247681
789,E5_DT300_PD05_SEED789,aoi_adaptive,70.69861295458729,0.05251312828207052,0.28688524590163933,0.08877615726062144,0.2519952114924182,0.09262623351316501,0.5830392304371149
789,E5_DT300_PD10_SEED789,aoi_adaptive,70.67953743955134,0.0635593220338983,0.3073770491803279,0.10533707865168539,0.22047086991221068,0.11783648254548995,0.577962889066241
789,E5_DT300_PD20_SEED789,aoi_adaptive,70.6436041542505,0.06449326718639263,0.3729508196721312,0.10996978851963746,0.2633679169992019,0.09463872749821593,0.6095093088064056
101112,E5_DT0_PD00_SEED101112,aoi_adaptive,49.91825294494629,0.155893536121673,0.1680327868852459,0.16173570019723865,0.044293695131683956,0.12884448794536907,0.7417419504664216
101112,E5_DT0_PD05_SEED101112,aoi_adaptive,49.997093378766806,0.155893536121673,0.1680327868852459,0.16173570019723865,0.044293695131683956,0.12969853340956153,0.7422898159172084
101112,E5_DT0_PD10_SEED101112,aoi_adaptive,50.06437760928761,0.1576923076923077,0.1680327868852459,0.1626984126984127,0.0436951316839585,0.1292581883989833,0.7435891565161645
101112,E5_DT0_PD20_SEED101112,aoi_adaptive,50.22659893251529,0.17898832684824903,0.1885245901639344,0.18363273453093812,0.04209896249002394,0.13232374462793478,0.7443414493739616
101112,E5_DT1_PD00_SEED101112,aoi_adaptive,49.91825294494629,0.155893536121673,0.1680327868852459,0.16173570019723865,0.044293695131683956,0.12884448794536907,0.7417419504664216
101112,E5_DT1_PD05_SEED101112,aoi_adaptive,49.997093378766806,0.155893536121673,0.1680327868852459,0.16173570019723865,0.044293695131683956,0.12969853340956153,0.7422898159172084
101112,E5_DT1_PD10_SEED101112,aoi_adaptive,50.06437760928761,0.1576923076923077,0.1680327868852459,0.1626984126984127,0.0436951316839585,0.1292581883989833,0.7435891565161645
101112,E5_DT1_PD20_SEED101112,aoi_adaptive,50.22659893251529,0.17898832684824903,0.1885245901639344,0.18363273453093812,0.04209896249002394,0.13232374462793478,0.7443414493739616
101112,E5_DT5_PD00_SEED101112,aoi_adaptive,51.61052756768097,0.13333333333333333,0.1557377049180328,0.14366729678638943,0.04928172386272945,0.12136012001068795,0.6868679104575249
101112,E5_DT5_PD05_SEED101112,aoi_adaptive,51.62520934220642,0.16487455197132617,0.1885245901639344,0.17590822179732313,0.04648842777334397,0.14493854111511745,0.7195525819999216
101112,E5_DT5_PD10_SEED101112,aoi_adaptive,51.64142121368453,0.14893617021276595,0.1721311475409836,0.1596958174904943,0.047885075818036714,0.12747079354007648,0.6888484031766384
101112,E5_DT5_PD20_SEED101112,aoi_adaptive,51.6814888485917,0.15671641791044777,0.1721311475409836,0.1640625,0.045091779728651235,0.11757477235406161,0.6802027592793689
101112,E5_DT15_PD00_SEED101112,aoi_adaptive,53.27805787453779,0.06871794871794872,0.27459016393442626,0.10992616899097621,0.18116520351157223,0.09976882407209556,0.6180331139690971
101112,E5_DT15_PD05_SEED101112,aoi_adaptive,53.28386518481985,0.07303974221267455,0.2786885245901639,0.11574468085106383,0.17218675179569035,0.08641336181762459,0.5825265265003337
101112,E5_DT15_PD10_SEED101112,aoi_adaptive,53.29019023990013,0.07739307535641547,0.3114754098360656,0.12398042414355628,0.18076616121308858,0.09600067672568602,0.6361936270982429
101112,E5_DT15_PD20_SEED101112,aoi_adaptive,53.31248574129541,0.08571428571428572,0.36885245901639346,0.1391035548686244,0.19154030327214686,0.11095043586738357,0.6633464930069473
101112,E5_DT60_PD00_SEED101112,aoi_adaptive,56.94519193374794,0.055846422338568937,0.39344262295081966,0.097809475292919,0.32382282521947325,0.10668408018633686,0.5843074980702052
101112,E5_DT60_PD05_SEED101112,aoi_adaptive,56.9259395217424,0.04996876951905059,0.32786885245901637,0.08672086720867209,0.30347166799680764,0.09758833138369924,0.563777262438999
101112,E5_DT60_PD10_SEED101112,aoi_adaptive,56.94721200904373,0.05615826419910657,0.36065573770491804,0.09718387631143015,0.29509177972865125,0.09680550374046962,0.5836794970758703
101112,E5_DT60_PD20_SEED101112,aoi_adaptive,56.94553582832259,0.05384615384615385,0.3442622950819672,0.09312638580931264,0.2944932162809258,0.11731229625790378,0.5771222835686157
101112,E5_DT300_PD00_SEED101112,aoi_adaptive,65.81544715312486,0.07261292166952545,0.5204918032786885,0.12744606121424987,0.32362330407023143,0.10785565612811904,0.6371192743971845
101112,E5_DT300_PD05_SEED101112,aoi_adaptive,65.80760297460938,0.05861070911722142,0.3319672131147541,0.0996309963099631,0.2595770151636073,0.08914528384321065,0.5683842384833775
101112,E5_DT300_PD10_SEED101112,aoi_adaptive,65.80026205995847,0.05403508771929825,0.3155737704918033,0.09227082085080887,0.26895450917797287,0.10333051619219853,0.5752889785825495
101112,E5_DT300_PD20_SEED101112,aoi_adaptive,65.78298243076733,0.05723905723905724,0.3483606557377049,0.09832272990167727,0.27932960893854747,0.12381623214799914,0.5877623212486753
