seed,condition_id,method,threshold,precision,recall,f1,fpr,pr_auc,roc_auc
42,E5_DT0_PD00_SEED42,static_seed42,0.0003816792741417885,0.9568627450980393,1.0,0.9779559118236473,0.002194732641660016,1.0,1.0
42,E5_DT0_PD05_SEED42,static_seed42,0.0003816792741417885,0.4728682170542636,1.0,0.6421052631578947,0.05426975259377494,0.5376666463048472,0.9736051509164889
42,E5_DT0_PD10_SEED42,static_seed42,0.0003816792741417885,0.32020997375328086,1.0,0.4850894632206759,0.10335195530726257,0.40012096524576646,0.9503086036136223
42,E5_DT0_PD20_SEED42,static_seed42,0.0003816792741417885,0.19288537549407114,1.0,0.32339297548045065,0.20371109337589785,0.28254352622472884,0.9034571127654284
42,E5_DT1_PD00_SEED42,static_seed42,0.0003816792741417885,0.9568627450980393,1.0,0.9779559118236473,0.002194732641660016,1.0,1.0
42,E5_DT1_PD05_SEED42,static_seed42,0.0003816792741417885,0.4728682170542636,1.0,0.6421052631578947,0.05426975259377494,0.5376666463048472,0.9736051509164889
42,E5_DT1_PD10_SEED42,static_seed42,0.0003816792741417885,0.32020997375328086,1.0,0.4850894632206759,0.10335195530726257,0.40012096524576646,0.9503086036136223
42,E5_DT1_PD20_SEED42,static_seed42,0.0003816792741417885,0.19288537549407114,1.0,0.32339297548045065,0.20371109337589785,0.28254352622472884,0.9034571127654284
42,E5_DT5_PD00_SEED42,static_seed42,0.0003816792741417885,0.05737126734070068,1.0,0.10851678897042473,0.7998802873104549,0.12111277119588243,0.7027044928237803
42,E5_DT5_PD05_SEED42,static_seed42,0.0003816792741417885,0.057102738123098525,1.0,0.10803630728359531,0.8038707102952913,0.1184531707699063,0.6862946960082686
42,E5_DT5_PD10_SEED42,static_seed42,0.0003816792741417885,0.057049333645078325,1.0,0.1079407210794072,0.8046687948922586,0.12155734942939285,0.708000798084597
42,E5_DT5_PD20_SEED42,static_seed42,0.0003816792741417885,0.05674418604651163,1.0,0.1073943661971831,0.8092577813248204,0.13255773000984006,0.7048199076315205
42,E5_DT15_PD00_SEED42,static_seed42,0.0003816792741417885,0.04953308972797402,1.0,0.09439071566731141,0.9341580207501995,0.10823751320936684,0.6298899035756806
42,E5_DT15_PD05_SEED42,static_seed42,0.0003816792741417885,0.04955320877335499,1.0,0.09442724458204334,0.9337589784517158,0.131094009673982,0.6602841704499366
42,E5_DT15_PD10_SEED42,static_seed42,0.0003816792741417885,0.049523036330424194,1.0,0.09437246180622703,0.9343575418994413,0.11804507407176472,0.6508821451467297
42,E5_DT15_PD20_SEED42,static_seed42,0.0003816792741417885,0.0494728304947283,1.0,0.09428129829984544,0.9353551476456504,0.109042090768292,0.6301761019454948
42,E5_DT60_PD00_SEED42,static_seed42,0.0003816792741417885,0.04716798762806882,1.0,0.09008676389145283,0.9834397446129289,0.11245175632851064,0.5907510499391624
42,E5_DT60_PD05_SEED42,static_seed42,0.0003816792741417885,0.04714975845410628,1.0,0.090053515408747,0.9838387869114126,0.09201945553953544,0.5525762759541035
42,E5_DT60_PD10_SEED42,static_seed42,0.0003816792741417885,0.047158871279474296,1.0,0.09007013658176449,0.9836392657621708,0.10637974737336808,0.5708439090445226
42,E5_DT60_PD20_SEED42,static_seed42,0.0003816792741417885,0.04711334234408187,1.0,0.08998709201548959,0.9846368715083799,0.08085240537856048,0.5312667630473747
42,E5_DT300_PD00_SEED42,static_seed42,0.0003816792741417885,0.04657377362092002,1.0,0.08900237096480029,0.996608140462889,0.09487344926193857,0.6196063872934466
42,E5_DT300_PD05_SEED42,static_seed42,0.0003816792741417885,0.046556000763213125,1.0,0.08896991795806745,0.9970071827613727,0.09136221447418692,0.5848218374262426
42,E5_DT300_PD10_SEED42,static_seed42,0.0003816792741417885,0.04657377362092002,1.0,0.08900237096480029,0.996608140462889,0.11386212665920788,0.6025358810984783
42,E5_DT300_PD20_SEED42,static_seed42,0.0003816792741417885,0.046564885496183206,1.0,0.08898614150255288,0.9968076616121309,0.08409144620361286,0.5492432915102116
123,E5_DT0_PD00_SEED123,static_seed42,0.0003816792741417885,0.04642313546423135,1.0,0.08872727272727272,1.0,0.13494659911828646,0.7479148404484972
123,E5_DT0_PD05_SEED123,static_seed42,0.0003816792741417885,0.04642313546423135,1.0,0.08872727272727272,1.0,0.1340105468346065,0.7473448968377534
123,E5_DT0_PD10_SEED123,static_seed42,0.0003816792741417885,0.04642313546423135,1.0,0.08872727272727272,1.0,0.1337408249947546,0.7471756309447489
123,E5_DT0_PD20_SEED123,static_seed42,0.0003816792741417885,0.04642313546423135,1.0,0.08872727272727272,1.0,0.13086889667811574,0.7393558737718001
123,E5_DT1_PD00_SEED123,static_seed42,0.0003816792741417885,0.04642313546423135,1.0,0.08872727272727272,1.0,0.13494659911828646,0.7479148404484972
123,E5_DT1_PD05_SEED123,static_seed42,0.0003816792741417885,0.04642313546423135,1.0,0.08872727272727272,1.0,0.1340105468346065,0.7473448968377534
123,E5_DT1_PD10_SEED123,static_seed42,0.0003816792741417885,0.04642313546423135,1.0,0.08872727272727272,1.0,0.1337408249947546,0.7471756309447489
123,E5_DT1_PD20_SEED123,static_seed42,0.0003816792741417885,0.04642313546423135,1.0,0.08872727272727272,1.0,0.13086889667811574,0.7393558737718001
123,E5_DT5_PD00_SEED123,static_seed42,0.0003816792741417885,0.04642313546423135,1.0,0.08872727272727272,1.0,0.12495432854986799,0.6992562113223347
123,E5_DT5_PD05_SEED123,static_seed42,0.0003816792741417885,0.04642313546423135,1.0,0.08872727272727272,1.0,0.13650383676629185,0.7109568183899624
123,E5_DT5_PD10_SEED123,static_seed42,0.0003816792741417885,0.04642313546423135,1.0,0.08872727272727272,1.0,0.13208938216679464,0.6781699331440608
123,E5_DT5_PD20_SEED123,static_seed42,0.0003816792741417885,0.04642313546423135,1.0,0.08872727272727272,1.0,0.1297321587836706,0.7126200397733963
123,E5_DT15_PD00_SEED123,static_seed42,0.0003816792741417885,0.04642313546423135,1.0,0.08872727272727272,1.0,0.10254538812979319,0.6250948543168527
123,E5_DT15_PD05_SEED123,static_seed42,0.0003816792741417885,0.04642313546423135,1.0,0.08872727272727272,1.0,0.11164288167960965,0.6643702654612538
123,E5_DT15_PD10_SEED123,static_seed42,0.0003816792741417885,0.04642313546423135,1.0,0.08872727272727272,1.0,0.10164145860650815,0.6325482775764395
123,E5_DT15_PD20_SEED123,static_seed42,0.0003816792741417885,0.04642313546423135,1.0,0.08872727272727272,1.0,0.11814231170354975,0.6502034461554564
123,E5_DT60_PD00_SEED123,static_seed42,0.0003816792741417885,0.04642313546423135,1.0,0.08872727272727272,1.0,0.1097757222509049,0.5908058364842411
123,E5_DT60_PD05_SEED123,static_seed42,0.0003816792741417885,0.04642313546423135,1.0,0.08872727272727272,1.0,0.09967125641382224,0.5776497062787016
123,E5_DT60_PD10_SEED123,static_seed42,0.0003816792741417885,0.04642313546423135,1.0,0.08872727272727272,1.0,0.11836364664352517,0.5998971321287925
123,E5_DT60_PD20_SEED123,static_seed42,0.0003816792741417885,0.04642313546423135,1.0,0.08872727272727272,1.0,0.10885166566567506,0.6086511225517774
123,E5_DT300_PD00_SEED123,static_seed42,0.0003816792741417885,0.04642313546423135,1.0,0.08872727272727272,1.0,0.08645786250278426,0.5768581633587586
123,E5_DT300_PD05_SEED123,static_seed42,0.0003816792741417885,0.04642313546423135,1.0,0.08872727272727272,1.0,0.10010556829817188,0.5889283751782608
123,E5_DT300_PD10_SEED123,static_seed42,0.0003816792741417885,0.04642313546423135,1.0,0.08872727272727272,1.0,0.11236388154103111,0.5711309251239648
123,E5_DT300_PD20_SEED123,static_seed42,0.0003816792741417885,0.04642313546423135,1.0,0.08872727272727272,1.0,0.09077298850164736,0.5602774652309866
456,E5_DT0_PD00_SEED456,static_seed42,0.0003816792741417885,0.04642313546423135,1.0,0.08872727272727272,1.0,0.12760736558434033,0.7428769314301413
456,E5_DT0_PD05_SEED456,static_seed42,0.0003816792741417885,0.04642313546423135,1.0,0.08872727272727272,1.0,0.12571397608593582,0.7385070911778944
456,E5_DT0_PD10_SEED456,static_seed42,0.0003816792741417885,0.04642313546423135,1.0,0.08872727272727272,1.0,0.12382547916847404,0.7339867923540879
456,E5_DT0_PD20_SEED456,static_seed42,0.0003816792741417885,0.04642313546423135,1.0,0.08872727272727272,1.0,0.12278027437958479,0.7291304148731569
456,E5_DT1_PD00_SEED456,static_seed42,0.0003816792741417885,0.04642313546423135,1.0,0.08872727272727272,1.0,0.12760736558434033,0.7428769314301413
456,E5_DT1_PD05_SEED456,static_seed42,0.0003816792741417885,0.04642313546423135,1.0,0.08872727272727272,1.0,0.12571397608593582,0.7385070911778944
456,E5_DT1_PD10_SEED456,static_seed42,0.0003816792741417885,0.04642313546423135,1.0,0.08872727272727272,1.0,0.12382547916847404,0.7339867923540879
456,E5_DT1_PD20_SEED456,static_seed42,0.0003816792741417885,0.04642313546423135,1.0,0.08872727272727272,1.0,0.12278027437958479,0.7291304148731569
456,E5_DT5_PD00_SEED456,static_seed42,0.0003816792741417885,0.04642313546423135,1.0,0.08872727272727272,1.0,0.10575546394639121,0.68359870736462
456,E5_DT5_PD05_SEED456,static_seed42,0.0003816792741417885,0.04642313546423135,1.0,0.08872727272727272,1.0,0.1199567111772871,0.7096149568903484
456,E5_DT5_PD10_SEED456,static_seed42,0.0003816792741417885,0.04642313546423135,1.0,0.08872727272727272,1.0,0.14753636487574562,0.7102748485601769
456,E5_DT5_PD20_SEED456,static_seed42,0.0003816792741417885,0.04642313546423135,1.0,0.08872727272727272,1.0,0.12443673001457439,0.701885147776484
456,E5_DT15_PD00_SEED456,static_seed42,0.0003816792741417885,0.04642313546423135,1.0,0.08872727272727272,1.0,0.09587404547125497,0.5949099211073751
456,E5_DT15_PD05_SEED456,static_seed42,0.0003816792741417885,0.04642313546423135,1.0,0.08872727272727272,1.0,0.1218846419325943,0.6510031661716797
456,E5_DT15_PD10_SEED456,static_seed42,0.0003816792741417885,0.04642313546423135,1.0,0.08872727272727272,1.0,0.09697551085442208,0.6390711472793165
456,E5_DT15_PD20_SEED456,static_seed42,0.0003816792741417885,0.04642313546423135,1.0,0.08872727272727272,1.0,0.12026034400119041,0.6343153480826345
456,E5_DT60_PD00_SEED456,static_seed42,0.0003816792741417885,0.04642313546423135,1.0,0.08872727272727272,1.0,0.11181632911665534,0.5960113759763452
456,E5_DT60_PD05_SEED456,static_seed42,0.0003816792741417885,0.04642313546423135,1.0,0.08872727272727272,1.0,0.07940875282321862,0.5398690683343581
456,E5_DT60_PD10_SEED456,static_seed42,0.0003816792741417885,0.04642313546423135,1.0,0.08872727272727272,1.0,0.08611181879511257,0.5904231483783182
456,E5_DT60_PD20_SEED456,static_seed42,0.0003816792741417885,0.04642313546423135,1.0,0.08872727272727272,1.0,0.11294036014600799,0.6090587508013554
456,E5_DT300_PD00_SEED456,static_seed42,0.0003816792741417885,0.04642313546423135,1.0,0.08872727272727272,1.0,0.10271875185074812,0.6340414153572409
456,E5_DT300_PD05_SEED456,static_seed42,0.0003816792741417885,0.04642313546423135,1.0,0.08872727272727272,1.0,0.08943479201463463,0.576866340455039
456,E5_DT300_PD10_SEED456,static_seed42,0.0003816792741417885,0.04642313546423135,1.0,0.08872727272727272,1.0,0.08725746490746805,0.5578644041186398
456,E5_DT300_PD20_SEED456,static_seed42,0.0003816792741417885,0.04642313546423135,1.0,0.08872727272727272,1.0,0.1059887162410301,0.5502425326756767
789,E5_DT0_PD00_SEED789,static_seed42,0.0003816792741417885,0.04642313546423135,1.0,0.08872727272727272,1.0,0.12041478618920932,0.7175696361519239
789,E5_DT0_PD05_SEED789,static_seed42,0.0003816792741417885,0.04642313546423135,1.0,0.08872727272727272,1.0,0.1214463088435935,0.7180103816414376
789,E5_DT0_PD10_SEED789,static_seed42,0.0003816792741417885,0.04642313546423135,1.0,0.08872727272727272,1.0,0.12300575258635997,0.7207071879947144
789,E5_DT0_PD20_SEED789,static_seed42,0.0003816792741417885,0.04642313546423135,1.0,0.08872727272727272,1.0,0.12417822047640235,0.720396458336059
789,E5_DT1_PD00_SEED789,static_seed42,0.0003816792741417885,0.04642313546423135,1.0,0.08872727272727272,1.0,0.12041478618920932,0.7175696361519239
789,E5_DT1_PD05_SEED789,static_seed42,0.0003816792741417885,0.04642313546423135,1.0,0.08872727272727272,1.0,0.1214463088435935,0.7180103816414376
789,E5_DT1_PD10_SEED789,static_seed42,0.0003816792741417885,0.04642313546423135,1.0,0.08872727272727272,1.0,0.12300575258635997,0.7207071879947144
789,E5_DT1_PD20_SEED789,static_seed42,0.0003816792741417885,0.04642313546423135,1.0,0.08872727272727272,1.0,0.12417822047640235,0.720396458336059
789,E5_DT5_PD00_SEED789,static_seed42,0.0003816792741417885,0.04642313546423135,1.0,0.08872727272727272,1.0,0.12483927889783868,0.6929745659597295
789,E5_DT5_PD05_SEED789,static_seed42,0.0003816792741417885,0.04642313546423135,1.0,0.08872727272727272,1.0,0.11511559359065375,0.6891076171287271
789,E5_DT5_PD10_SEED789,static_seed42,0.0003816792741417885,0.04642313546423135,1.0,0.08872727272727272,1.0,0.1254996606952853,0.6934308479321759
789,E5_DT5_PD20_SEED789,static_seed42,0.0003816792741417885,0.04642313546423135,1.0,0.08872727272727272,1.0,0.11068494461907166,0.6825209660748629
789,E5_DT15_PD00_SEED789,static_seed42,0.0003816792741417885,0.04642313546423135,1.0,0.08872727272727272,1.0,0.10706241350473805,0.619798549056036
789,E5_DT15_PD05_SEED789,static_seed42,0.0003816792741417885,0.04642313546423135,1.0,0.08872727272727272,1.0,0.1063836964241318,0.6378887391571703
789,E5_DT15_PD10_SEED789,static_seed42,0.0003816792741417885,0.04642313546423135,1.0,0.08872727272727272,1.0,0.1291250708558773,0.6280950309421323
789,E5_DT15_PD20_SEED789,static_seed42,0.0003816792741417885,0.04642313546423135,1.0,0.08872727272727272,1.0,0.10326528597097875,0.6437926026716208
789,E5_DT60_PD00_SEED789,static_seed42,0.0003816792741417885,0.04642313546423135,1.0,0.08872727272727272,1.0,0.11644193392287519,0.5821446561040389
789,E5_DT60_PD05_SEED789,static_seed42,0.0003816792741417885,0.04642313546423135,1.0,0.08872727272727272,1.0,0.11641526556980329,0.5926661258880327
789,E5_DT60_PD10_SEED789,static_seed42,0.0003816792741417885,0.04642313546423135,1.0,0.08872727272727272,1.0,0.09800488497186224,0.5804176533696178
789,E5_DT60_PD20_SEED789,static_seed42,0.0003816792741417885,0.04642313546423135,1.0,0.08872727272727272,1.0,0.1060853905841079,0.5709436696191436
789,E5_DT300_PD00_SEED789,static_seed42,0.0003816792741417885,0.04642313546423135,1.0,0.08872727272727272,1.0,0.10652148551100521,0.618761693247681
789,E5_DT300_PD05_SEED789,static_seed42,0.0003816792741417885,0.04642313546423135,1.0,0.08872727272727272,1.0,0.09262623351316501,0.5830392304371149
789,E5_DT300_PD10_SEED789,static_seed42,0.0003816792741417885,0.04642313546423135,1.0,0.08872727272727272,1.0,0.11783648254548995,0.577962889066241
789,E5_DT300_PD20_SEED789,static_seed42,0.0003816792741417885,0.04642313546423135,1.0,0.08872727272727272,1.0,0.09463872749821593,0.6095093088064056
101112,E5_DT0_PD00_SEED101112,static_seed42,0.0003816792741417885,0.04642313546423135,1.0,0.08872727272727272,1.0,0.12884448794536907,0.7417419504664216
101112,E5_DT0_PD05_SEED101112,static_seed42,0.0003816792741417885,0.04642313546423135,1.0,0.08872727272727272,1.0,0.12969853340956153,0.7422898159172084
101112,E5_DT0_PD10_SEED101112,static_seed42,0.0003816792741417885,0.04642313546423135,1.0,0.08872727272727272,1.0,0.1292581883989833,0.7435891565161645
101112,E5_DT0_PD20_SEED101112,static_seed42,0.0003816792741417885,0.04642313546423135,1.0,0.08872727272727272,1.0,0.13232374462793478,0.7443414493739616
101112,E5_DT1_PD00_SEED101112,static_seed42,0.0003816792741417885,0.04642313546423135,1.0,0.08872727272727272,1.0,0.12884448794536907,0.7417419504664216
101112,E5_DT1_PD05_SEED101112,static_seed42,0.0003816792741417885,0.04642313546423135,1.0,0.08872727272727272,1.0,0.12969853340956153,0.7422898159172084
101112,E5_DT1_PD10_SEED101112,static_seed42,0.0003816792741417885,0.04642313546423135,1.0,0.08872727272727272,1.0,0.1292581883989833,0.7435891565161645
101112,E5_DT1_PD20_SEED101112,static_seed42,0.0003816792741417885,0.04642313546423135,1.0,0.08872727272727272,1.0,0.13232374462793478,0.7443414493739616
101112,E5_DT5_PD00_SEED101112,static_seed42,0.0003816792741417885,0.04642313546423135,1.0,0.08872727272727272,1.0,0.12136012001068795,0.6868679104575249
101112,E5_DT5_PD05_SEED101112,static_seed42,0.0003816792741417885,0.04642313546423135,1.0,0.08872727272727272,1.0,0.14493854111511745,0.7195525819999216
101112,E5_DT5_PD10_SEED101112,static_seed42,0.0003816792741417885,0.04642313546423135,1.0,0.08872727272727272,1.0,0.12747079354007648,0.6888484031766384
101112,E5_DT5_PD20_SEED101112,static_seed42,0.0003816792741417885,0.04642313546423135,1.0,0.08872727272727272,1.0,0.11757477235406161,0.6802027592793689
101112,E5_DT15_PD00_SEED101112,static_seed42,0.0003816792741417885,0.04642313546423135,1.0,0.08872727272727272,1.0,0.09976882407209556,0.6180331139690971
101112,E5_DT15_PD05_SEED101112,static_seed42,0.0003816792741417885,0.04642313546423135,1.0,0.08872727272727272,1.0,0.08641336181762459,0.5825265265003337
101112,E5_DT15_PD10_SEED101112,static_seed42,0.0003816792741417885,0.04642313546423135,1.0,0.08872727272727272,1.0,0.09600067672568602,0.6361936270982429
101112,E5_DT15_PD20_SEED101112,static_seed42,0.0003816792741417885,0.04642313546423135,1.0,0.08872727272727272,1.0,0.11095043586738357,0.6633464930069473
101112,E5_DT60_PD00_SEED101112,static_seed42,0.0003816792741417885,0.04642313546423135,1.0,0.08872727272727272,1.0,0.10668408018633686,0.5843074980702052
101112,E5_DT60_PD05_SEED101112,static_seed42,0.0003816792741417885,0.04642313546423135,1.0,0.08872727272727272,1.0,0.09758833138369924,0.563777262438999
101112,E5_DT60_PD10_SEED101112,static_seed42,0.0003816792741417885,0.04642313546423135,1.0,0.08872727272727272,1.0,0.09680550374046962,0.5836794970758703
101112,E5_DT60_PD20_SEED101112,static_seed42,0.0003816792741417885,0.04642313546423135,1.0,0.08872727272727272,1.0,0.11731229625790378,0.5771222835686157
101112,E5_DT300_PD00_SEED101112,static_seed42,0.0003816792741417885,0.04642313546423135,1.0,0.08872727272727272,1.0,0.10785565612811904,0.6371192743971845
101112,E5_DT300_PD05_SEED101112,static_seed42,0.0003816792741417885,0.04642313546423135,1.0,0.08872727272727272,1.0,0.08914528384321065,0.5683842384833775
101112,E5_DT300_PD10_SEED101112,static_seed42,0.0003816792741417885,0.04642313546423135,1.0,0.08872727272727272,1.0,0.10333051619219853,0.5752889785825495
101112,E5_DT300_PD20_SEED101112,static_seed42,0.0003816792741417885,0.04642313546423135,1.0,0.08872727272727272,1.0,0.12381623214799914,0.5877623212486753
